#id,type,P,uA,u0,uT,gA,g0,gT,rA,r0,rT,iA,i0,iT,zA,z0,zT
4099,ab,0.641754351271,0.534608250965,17.823475565699,101,0.563838731121,16.663740063633,101,0.398325831838,16.562859658339,103,0.317851244504,16.54863269327,102,0.302557183974,16.539893235126,100
13350,ab,0.547987422171,1.029444977151,18.242763790824,107,1.093322207702,16.988613486063,120,0.801719568295,17.092508950163,112,0.642110975157,17.147569570853,116,0.583436573653,17.190782343956,114
15927,ab,0.612262983773,0.651579373794,18.916868699265,102,0.697438996319,17.653491612718,106,0.486554026661,17.595966318204,108,0.368674017647,17.610786707684,104,0.34542192485,17.615747060041,100
20406,ab,0.631853138777,0.553247302385,16.380758497165,100,0.58678380143,15.205906203545,101,0.42684628121,15.11724791914,108,0.342734431072,15.118909480461,102,0.303788388098,15.132053024454,100
21992,ab,0.625880355362,1.109321960273,15.533572143193,106,1.139929559759,14.376995585543,112,0.849550762373,14.418441610516,114,0.661144139558,14.523218474953,111,0.619123373011,14.524696953247,114
27887,c,0.31149403602,0.361128484424,17.809503399073,0,0.429519518458,16.55487322632,0,0.298374341043,16.647612215532,1,0.242346512846,16.722270736141,1,0.204643612628,16.797719568062,0
46988,ab,0.572961748738,0.964272363821,15.83309367805,109,1.043711697847,14.544481861599,117,0.762692677674,14.620976817168,109,0.602270728808,14.680601053093,112,0.540124677895,14.715372825327,108
74260,ab,0.612522626959,1.082651310006,19.792589418916,109,1.243162359202,18.53759762818,120,0.905452563936,18.68472404738,114,0.725941614864,18.812496320136,111,0.672143963265,18.802623233215,108
75433,ab,0.555702765029,1.04129649751,15.302044095794,108,1.191709429623,14.040193189977,108,0.809981404291,14.169880748342,107,0.589519421758,14.302100053009,108,0.510225823184,14.341955147284,110
75486,ab,0.562574562809,0.981696534645,17.257460323484,103,1.006013600923,16.056510445671,112,0.732314023877,16.093004788307,110,0.582873763689,16.158921373595,111,0.524561548785,16.200030507529,104
91658,ab,0.647260858223,0.859808974196,16.554320484988,109,0.959232219851,15.36839577216,111,0.702417607413,15.380914100656,114,0.601226131881,15.394156815472,119,0.510250185065,15.470862308136,110
92912,ab,0.53879143865,1.07396384814,20.790010514195,106,1.206080880365,19.579409758268,120,0.863088254809,19.726607721661,114,0.738519693915,19.8063478854,116,0.630624323452,19.843593598005,117
93149,ab,0.509529275209,0.912872258082,19.413580497368,100,0.87932667725,18.315187379127,102,0.718229046159,18.34515964427,101,0.534958321892,18.399929518173,100,0.503289886109,18.361519624943,117
98874,ab,0.738329601782,0.337661353992,16.331322524781,100,0.373679768017,15.203711264699,100,0.264558118924,15.06889307422,100,0.20918848649,14.999402555032,100,0.200126076661,15.010171767973,100
114272,ab,0.793004216445,0.460669430151,19.575004579079,110,0.531145837663,18.48374182864,101,0.390129259334,18.373275441696,104,0.313171909077,18.360750123362,104,0.273675734455,18.351838091412,111
128795,ab,0.640023909169,0.538027439122,20.250271621656,103,0.581155340689,19.058113664475,102,0.423967037214,18.972958445802,105,0.324159765307,18.969613382537,102,0.269796036348,18.966517194402,100
133858,ab,0.641975699851,0.306484840872,18.54947460921,102,0.307024722222,17.370051239964,100,0.218021699288,17.210388638613,101,0.180654607204,17.146480291607,100,0.171132623747,17.144650719737,101
151276,ab,0.603455885245,1.036291089819,17.2762232864,109,1.178163375954,16.05197136157,118,0.895047046081,16.133932447982,117,0.697921567985,16.213072367117,113,0.601339682834,16.303537432927,108
156391,ab,0.907496629521,0.855805624305,16.569722087682,100,0.883899586189,15.377253770374,112,0.60521978089,15.533079167532,104,0.497349560027,15.593578792983,108,0.430263839669,15.613715648827,115
172870,ab,0.550572664997,1.110978849084,17.948223447281,105,1.058758433223,16.819370404526,114,0.732201391596,16.98512250244,105,0.52950323358,17.088325143917,102,0.557373822107,17.019275679101,108
174197,c,0.384879150471,0.494756139378,18.896285087043,0,0.561146481876,17.767870810993,0,0.395845533845,17.774212511439,1,0.302392548423,17.825213749948,1,0.271052230308,17.863449917194,0
181100,ab,0.527015758519,1.376777375957,16.805433988838,110,1.379883046746,15.621377518767,120,1.025294039037,15.801772155207,118,0.785199500117,15.936537595949,115,0.704247608393,16.025942379436,113
183558,c,0.333306190541,0.421397930444,18.379670928872,0,0.472182705418,17.133525641917,0,0.331397577563,17.157820787476,0,0.255002299143,17.202238132357,0,0.233295936251,17.242656757343,0
188444,ab,0.517138044553,1.032517119361,20.98095484394,109,1.275004787102,19.82006002501,119,0.946336616181,20.010495964981,114,0.732060908845,20.105577048752,115,0.652627491865,20.152385975576,109
190889,ab,0.515945314351,0.982504402928,17.978294702182,100,1.068667136708,16.758177984477,105,0.767798752238,16.842073034811,109,0.585058453651,16.944873189879,110,0.576334754564,16.982774311993,106
191474,ab,0.592173572748,0.839379017048,18.29742621168,107,0.898321336027,17.021568072999,119,0.659997836446,17.08144070241,109,0.580271998781,17.093969156061,112,0.479107187921,17.154901965237,103
236818,c,0.339003694734,0.489319537416,18.266895659163,0,0.575043484114,17.086016662588,1,0.401669692926,17.132154503335,1,0.320892820809,17.178214884164,1,0.281052172298,17.229899381785,0
244803,ab,0.580121785648,0.904594433437,19.599031802635,107,0.988632106688,18.450225744569,110,0.689232699575,18.486044823262,109,0.536079773662,18.551892660731,116,0.466350015956,18.599165287523,106
260984,ab,0.643236994463,0.352032342145,21.44624388007,102,0.492465882577,20.383266898588,102,0.338743293105,20.276387487638,103,0.257367383691,20.264588851997,100,0.238709711563,20.254847406068,108
276162,ab,0.642761030656,0.267746763591,18.251181555568,107,0.266772634163,17.106025972806,100,0.196828277044,16.928509219348,100,0.162416429948,16.863419508488,100,0.149233861818,16.858373171446,101
288008,c,0.275605521495,0.345849069739,20.178976844286,0,0.486895100266,19.00734668748,0,0.333993840145,19.031787599901,0,0.282274158551,19.064645321629,0,0.212706416603,19.09637083603,0
289242,c,0.291292667054,0.313923654708,17.738877117104,0,0.354510596702,16.547944285409,0,0.256323638894,16.614041134112,0,0.199074214701,16.702132287136,0,0.172476582041,16.756037384971,0
293282,ab,0.515991620271,1.247098087746,16.731332581579,109,1.294493632197,15.466215849955,120,0.92152777191,15.608653365938,119,0.752638298173,15.706902687131,113,0.673206575186,15.770860536205,117
315111,ab,0.601654883064,0.887400213262,20.795044060609,110,1.034289432078,19.632958304773,107,0.750429543501,19.680488426968,114,0.687338590138,19.758112476239,108,0.422653288144,19.853185441061,111
318024,c,0.35850817538,0.58017835698,21.246607748093,0,0.504532289285,20.232333057726,1,0.336054251529,20.232719083161,1,0.261173624577,20.264905427962,0,0.220651227603,20.300198061706,0
323707,ab,0.536350731455,0.989994145772,18.672231412231,104,1.009771150791,17.52064345888,102,0.724101022931,17.636824941333,103,0.5722469151,17.677466433558,110,0.539895898465,17.690747017483,117
324172,ab,0.626164075273,0.56245317485,19.100678760869,100,0.663631290902,17.864582280133,101,0.452263806327,17.790939411117,103,0.370804356956,17.78284247673,102,0.326143412167,17.798169780367,100
329948,ab,0.673152608812,0.89674074185,18.446171805489,102,1.043200305394,17.198799226348,108,0.738526713511,17.217457949168,107,0.585212509114,17.259113216069,111,0.531372292624,17.292170906846,106
334937,ab,0.671164657116,0.823044431238,20.36612828998,100,0.913483566771,19.214336627798,106,0.652434285784,19.188075731286,106,0.490572862384,19.2533575164,106,0.442993704906,19.220006819397,102
337335,ab,0.613193437285,0.836634204419,19.086446061393,102,0.926663232181,17.889745590222,101,0.700974096215,17.911916924789,108,0.544988988463,17.963761459922,105,0.437313063511,18.036927466925,100
343892,ab,0.597313404422,0.536097900805,21.082669477202,101,0.815229633918,19.843119741097,105,0.580055969873,19.808250065163,109,0.43178246874,19.839504831526,105,0.389443005308,19.811195440642,104
349151,ab,0.590300782399,0.726048828917,20.941024709915,109,0.77998091287,19.853392048609,103,0.557700730063,19.830211282485,105,0.415897121405,19.878400383405,104,0.359746133651,19.830729011395,102
359035,ab,0.531061982522,1.220898683228,20.521463333748,108,1.322197023273,19.373711950179,119,1.015166909679,19.481407898577,118,0.788909562868,19.626237091992,113,0.616826301186,19.72624992957,110
376465,c,0.432427428882,0.431364125862,16.382350043583,0,0.483326859616,15.228203896703,0,0.357909859461,15.18030308212,0,0.27172870151,15.193296754933,0,0.214409601608,15.233605370019,0
377927,ab,0.480918681776,1.095169784438,20.677866656921,105,1.180162539244,19.650803668752,103,0.829735813914,19.759114161216,103,0.719878281275,19.840950157247,101,0.563109390721,19.869011332963,110
389821,ab,0.456040319044,1.574428518792,18.183861951524,105,1.470994562668,17.052366358556,119,1.133197847972,17.227733268901,118,0.872510041285,17.373984047534,115,0.80144833471,17.466730999263,117
396003,ab,0.600651640806,0.688031952284,21.227502950496,100,0.796320683896,20.120348882133,105,0.587895918011,20.104822242553,108,0.458240310231,20.128036122308,109,0.42171968546,20.084144001211,110
398718,ab,0.505623126991,1.013274261932,14.980294559928,107,0.783283639924,13.867714656714,107,0.798870131998,13.739048494957,116,0.541293411584,13.909426457035,107,0.531110729533,13.939413057226,102
402316,ab,0.54307623784,1.123173416312,20.317559666782,110,1.247421248466,19.177384645659,120,0.929521420686,19.275696020718,119,0.75739739582,19.378794057661,117,0.797952697127,19.397290038437,106
403009,ab,0.589419729139,0.777862453943,20.149029937382,106,0.886250095483,18.920100871526,109,0.579047038812,18.925427301764,118,0.457545963162,18.966383034594,112,0.450213941982,18.995336930562,104
404325,ab,0.587521807809,0.862510711719,16.285896166691,109,0.920944086929,15.085497435252,114,0.66945150359,15.100785894959,114,0.527360444715,15.159809700367,111,0.485283800279,15.18843620735,106
406141,ab,0.498291619669,1.522689102489,17.114881416124,110,1.514303272398,15.945589092061,120,1.110078119358,16.156856917559,119,0.889270822063,16.299484465275,115,0.813485782444,16.370087745667,117
415496,ab,0.546682232921,0.84735694928,21.059191934766,103,0.914695744922,19.962999377816,116,0.670925265076,20.010035814596,108,0.560323024523,20.039097263355,118,0.455012405023,20.121825837504,106
423548,c,0.335141696214,0.501129152762,17.419712391022,0,0.548902646451,16.275682654195,0,0.38250960419,16.312346392273,1,0.308067857907,16.377848560923,0,0.275666579596,16.433415590635,0
429508,c,0.350861318451,0.464801816302,16.832886109733,0,0.50575926274,15.650552520103,0,0.374003032354,15.660424774661,0,0.272776127531,15.722060469737,0,0.263681339964,15.75655839115,0
431701,ab,0.606785148394,0.774897222602,20.888417000961,100,0.998146793786,19.703700149511,108,0.672480639235,19.726684740444,111,0.531614047649,19.776780204727,114,0.58138894993,19.767844381339,106
433099,ab,0.643172792954,0.478737863677,20.224150752034,109,0.514879608635,19.098223459102,102,0.367391457041,18.994313105152,110,0.287678940258,19.00201679164,106,0.231836504255,19.003006356152,103
444248,ab,0.460112173616,1.488865408257,17.086007680333,110,1.441614515759,15.9362143224,119,1.107752424885,16.149357828278,118,0.85456611218,16.286519415749,115,0.788044222909,16.358360069939,117
452872,ab,0.578921088225,0.828171867712,18.95143214928,101,0.879410167115,17.730913010079,112,0.639657988979,17.715570712212,110,0.525939651662,17.755482306895,108,0.436747507497,17.813754321322,100
470994,c,0.346793702163,0.521691366644,20.107907213034,0,0.574186004338,18.993094774535,0,0.401303386974,19.027649409152,1,0.31551188986,19.078367120729,1,0.332466790654,19.077859139104,0
479770,ab,0.486398264091,1.591102500938,17.770330275626,105,1.40473212792,16.772449300975,105,1.054695359447,16.928097041908,112,0.810043987373,17.099532586749,110,0.795392331147,17.098137749405,117
490555,ab,0.630911694543,0.431381245887,21.027378245958,109,0.585303545823,20.005072354484,104,0.431595566128,19.902425347047,104,0.32666362039,19.894270633498,104,0.15785372732,19.910180076759,117
495429,ab,0.630760808405,0.484726824081,16.985123453397,100,0.505881858851,15.872749649137,100,0.366798300675,15.758083196286,102,0.281161532738,15.743181212619,100,0.27188109373,15.755139763973,100
495485,ab,0.71532981193,0.767634838573,15.766150615835,101,0.757709591124,14.616411462849,103,0.499972157891,14.587121046891,104,0.431007124886,14.576711291545,104,0.400434331416,14.592774196004,105
517394,ab,0.686835942046,0.873951048631,18.955343968793,105,0.973903858713,17.788128996025,108,0.66933786157,17.807774084802,109,0.526949554551,17.847543145922,110,0.518538669443,17.845603266791,109
519433,ab,0.469392103369,1.486821345136,16.756352343654,109,1.474461776493,15.589888716743,116,1.140164466699,15.73779793048,118,0.842310542977,15.914554052975,115,0.7979434246,16.019588086554,116
539796,c,0.328688653024,0.573048059549,18.622727664458,0,0.636559541131,17.42056724594,1,0.437573390483,17.494233476971,1,0.349010069248,17.554851046963,1,0.297772947901,17.620080787331,0
543302,ab,0.626807812976,0.810524793543,17.400603103689,101,0.817254530988,16.174077506457,110,0.594273505802,16.148620914368,108,0.472785481506,16.162866822385,105,0.418447861691,16.195922880149,100
557177,ab,0.556892616047,0.863825861187,20.57595853703,101,1.046468131901,19.364102507859,108,0.695401535731,19.404925052783,109,0.538316964027,19.452596607623,117,0.497970216325,19.497495918758,106
562035,c,0.342127342322,0.413821059849,17.404819431587,0,0.45166239032,16.212398472808,1,0.311079564376,16.303242806399,1,0.245990644159,16.394573454554,1,0.21088406483,16.469536932855,0
586767,c,0.38901736067,0.378913762623,21.689597267266,0,0.503502880963,20.764820000967,0,0.379094885183,20.731180650063,1,0.283860534117,20.772038678358,0,0.335579886526,20.666238798308,0
596771,ab,0.744957258204,0.4673447167,20.442563399086,100,0.500865781127,19.286140659067,102,0.398679501989,19.184838253948,105,0.299794646649,19.208185486012,104,0.225750931791,19.232728994907,100
611173,ab,0.531023592279,1.207771082547,17.803132013229,110,1.205926837519,16.625962276335,119,0.908572771006,16.747848346565,118,0.70017142533,16.84969801679,115,0.644427913338,16.923865694332,115
627003,ab,0.617988666885,0.52096871331,16.316325233983,100,0.605267380329,15.096978331731,102,0.353190280652,15.103885537106,102,0.30898088202,15.068766983818,106,0.279293178398,15.064500744816,100
638540,c,0.336404532462,0.455395640717,16.656161208414,0,0.489087532035,15.483286859658,0,0.348910176922,15.504886289406,0,0.267413349582,15.565265516842,0,0.237814652411,15.619753156828,0
685614,ab,0.588987757118,0.639579441391,14.934823944702,107,0.634053184723,13.865464717466,100,0.516422303503,13.779971403834,103,0.486666756355,13.731737026926,111,0.405077768168,13.82488070759,100
686094,ab,0.512181308935,0.790924300826,21.563960319646,102,1.156018345074,20.444112850771,116,0.862896967627,20.506996535329,116,0.678098083526,20.638550352567,115,0.777445851917,20.550980907599,102
688001,ab,0.5877128845,0.608278908828,17.513360805933,100,0.726953025487,16.302365287469,120,0.534504420288,16.316321220256,118,0.41647974126,16.375403095603,107,0.37583993262,16.387141441732,117
695960,ab,0.635454835852,0.534642453222,16.781922578285,100,0.579183069827,15.619567981084,101,0.409871360433,15.542195311618,103,0.319846522517,15.55520429652,104,0.29887586607,15.560651919833,100
704542,ab,0.627313656395,1.107867593279,18.338437639707,110,1.144367731731,17.194591422974,115,0.82563311708,17.264329438168,116,0.689550453131,17.381541555572,118,0.642203933172,17.438188263621,110
719834,ab,0.687576257588,0.41511179826,17.725360869239,100,0.399186682893,16.58619410419,100,0.289067925907,16.438114920752,100,0.230763141133,16.387083114755,100,0.222991608098,16.389582319005,100
719918,ab,0.623365049261,0.746765551873,20.91939040143,100,0.712707865725,19.936934499003,101,0.513017600387,19.886415051905,108,0.428841575381,19.899170917105,105,0.383018854694,19.837787700482,105
724413,ab,0.650548488474,0.342145955477,17.659525349754,100,0.356181247651,16.459094580965,100,0.264449632996,16.306162997733,106,0.201236063739,16.26741335459,106,0.18044480285,16.28848506147,100
728020,ab,0.618615523813,0.564427378468,20.473684440758,107,0.591053196866,19.289426989845,101,0.41964895122,19.161617503851,104,0.35060420382,19.110893678335,107,0.304229169336,19.102335341356,115
744810,ab,0.58611445137,0.92177490971,19.097352805393,106,0.922530629051,17.964943907933,112,0.654462057599,17.954913398575,111,0.526353067073,18.029162408122,111,0.477880344313,18.059786311275,100
747380,c,0.39419605446,0.424641429628,16.749487088506,0,0.485434587877,15.53210399375,1,0.334667028506,15.639258999668,0,0.266283429995,15.718932706247,1,0.229004761192,15.787849060725,0
765345,c,0.262327714715,0.275143702503,18.360034972815,0,0.30740168069,17.142973730093,0,0.229287809481,17.204701497725,0,0.16368620164,17.305080287788,0,0.159758750879,17.356737525639,0
778130,c,0.305165284445,0.515205380335,20.25981983077,0,0.668263292548,18.98628001351,1,0.469704448946,19.063799431849,1,0.370950736591,19.137334227391,1,0.285801222289,19.212285431438,0
785754,ab,0.682099803504,0.699515731452,20.495327217967,100,0.906335162302,19.395869091508,106,0.603848779355,19.393364804427,106,0.482212532291,19.404672546557,110,0.423212659938,19.403607340838,110
795010,ab,0.454669279378,1.451176665376,17.305173615961,110,1.421136572106,16.107532284175,119,1.011462181611,16.335608477587,116,0.838680112018,16.494748136503,117,0.736982261142,16.581095465339,117
824910,ab,0.536932273204,1.143759734581,15.78717174358,102,1.250269342101,14.482521899535,120,0.89997395171,14.601138081601,119,0.727090569326,14.702773376093,117,0.605737630611,14.797162919689,117
834454,ab,0.576610027611,0.983932217132,17.487194786928,105,0.999049444655,16.344373129988,109,0.708817706821,16.382243942408,111,0.583133670275,16.429146667428,118,0.531178306005,16.47376766789,109
834891,ab,0.570872078758,0.998680251452,18.278591357218,107,1.051363754297,17.068571994677,111,0.76091715943,17.112458338528,109,0.598828052211,17.195167986735,112,0.531763689487,17.214771845766,113
837937,ab,0.518478604167,0.822735019933,20.709600327327,102,0.987836618884,19.581214874745,100,0.683786140839,19.619151329567,106,0.507955973684,19.681332283629,117,0.442620414003,19.738586645235,111
842229,ab,0.717405717621,0.551332004092,21.557108435098,105,0.500927474026,20.563098006164,102,0.349414341872,20.454600001557,104,0.322922602272,20.405606640786,109,0.287942498912,20.226270308738,101
844778,c,0.339591269224,0.46828424735,15.569783253524,0,0.560544899161,14.312259476461,1,0.401292633007,14.410444056862,1,0.311114338443,14.492444661785,1,0.270538506042,14.577912259677,0
848438,ab,0.469270094788,1.562639581407,16.675118597018,105,1.505948738235,15.529732899172,119,1.137603079449,15.734365970139,118,0.88192724332,15.888135896493,115,0.805270494094,15.981204144708,117
850835,c,0.40812719553,0.509251049419,19.339919134321,0,0.568795055229,18.205177463576,0,0.369224389928,18.218539571743,1,0.270440453747,18.261131838867,0,0.21670229066,18.306526271657,0
860305,ab,0.503992488578,1.194854742813,20.148187243821,107,1.395924702683,18.890376416855,116,1.076821976226,19.061737695617,112,0.824914613822,19.214041719986,118,0.62947912035,19.303797380149,108
866986,ab,0.549881497762,0.911309010329,17.354418708853,109,1.000968546121,16.153034265977,112,0.698947803043,16.261670373747,108,0.542295322476,16.332483357667,106,0.501015973717,16.334476402802,103
871783,ab,0.569410914111,0.973270921226,18.565317295619,108,0.779094071353,17.54440676337,104,0.549375366645,17.545985286585,100,0.467345617263,17.52922294265,110,0.465395755885,17.557182780813,100
873466,ab,0.631665098859,0.573197561851,19.264524965448,101,0.561595341157,18.182096777052,104,0.391916104199,18.071003475041,103,0.305902580003,18.08549137283,106,0.289375825902,18.086382769805,105
879471,ab,0.507846617882,1.213571944824,18.781641923596,105,1.298099630445,17.621259331798,116,0.960953582302,17.771962193605,118,0.760859154586,17.906970655819,119,0.628868299126,17.989555154795,117
887288,ab,0.539484762201,1.121722846825,18.096142682016,106,1.185977394908,16.888872111819,115,0.842975937384,16.993187867961,111,0.692919641138,17.050162518643,113,0.5890083544,17.148014469792,113
921268,ab,0.581607981909,0.795830192401,16.266759261993,102,0.807523548869,15.053510906473,101,0.607422363679,15.023401418986,108,0.492728922687,15.054455419333,109,0.441364037968,15.098714128719,105
952930,ab,0.638969182657,1.021647285605,18.015987769876,106,1.071489888077,16.817582261064,114,0.782992814282,16.885922740226,112,0.617638084004,16.971843232145,111,0.555100180931,16.993661873551,110
959802,c,0.378616771287,0.450962209248,18.387549579433,0,0.506544292905,17.244813504286,0,0.366549092143,17.255213189988,0,0.282217961962,17.294923829277,1,0.240342323422,17.34851500057,0
962043,ab,0.636774835461,1.017165144005,17.10286003334,109,1.077868241327,15.948232853452,116,0.792466524796,16.021924823581,117,0.61268891867,16.116968853039,116,0.559442539506,16.149511298623,116
965946,ab,0.641688738048,0.342420547703,18.700115189436,100,0.315991304128,17.577547009653,100,0.247107718235,17.424722630459,100,0.186684713004,17.384999233107,104,0.187673743271,17.383495048648,100
974754,ab,0.587908147105,0.727373453153,18.554651007999,102,0.815650482689,17.283723483911,105,0.560983724702,17.304825820719,105,0.474100862294,17.306388089301,108,0.372329798665,17.356579690333,111
981664,ab,0.606049003584,0.848575269444,17.912331553872,107,0.978561429679,16.642302855702,111,0.687869203453,16.691802980966,112,0.550357513345,16.75317133182,111,0.458160718555,16.796693655616,114
985847,ab,0.583379425265,0.863283581258,20.360983499856,110,1.073070199635,19.124227521537,106,0.705250707727,19.158583118811,114,0.559321527264,19.208916177314,117,0.428356015929,19.273748367584,106
1013184,ab,0.614318300907,0.663590302154,17.954094256409,100,0.833288749337,16.683783772451,116,0.568209459449,16.724035634246,108,0.443959886643,16.754491651777,106,0.436080113368,16.742355607045,107
1019544,ab,0.622446825464,0.866656931073,16.588988481148,102,0.938254754081,15.410342627942,106,0.660586990913,15.422482646547,108,0.515953902461,15.456234622965,107,0.473461705431,15.504114267488,105
1027882,ab,0.446054610516,0.981914449257,17.766577678187,100,1.015698267968,16.649792979446,100,0.809982999579,16.691996332437,118,0.569198652904,16.897943014284,100,0.540293932555,16.919732423316,102
1052471,ab,0.483990154724,1.365979563891,14.24874500754,109,1.562811945279,12.859150805823,119,1.031732943866,13.22468515382,114,0.889998786966,13.299306546864,117,0.761607349445,13.403479783768,108
1056152,ab,0.587522276242,1.151657251188,18.127100616114,110,1.158838587218,16.968514383428,113,0.850693948984,17.02442032531,119,0.681844558828,17.142807064082,114,0.603686535928,17.175033640726,115
1060996,ab,0.508395001373,1.213096323116,16.572851762764,109,1.239656893859,15.3514527221,117,0.908627264468,15.468010738801,114,0.73556696597,15.561246963606,119,0.629906687781,15.634217963994,113
1061631,ab,0.575894767255,0.79754724623,17.78183436294,102,0.827846465328,16.623057992085,103,0.58831237322,16.602792699399,108,0.497797654743,16.623771272646,109,0.422208513737,16.65346896192,110
1078860,c,0.395469574869,0.424659235549,18.261786442256,0,0.542396361662,17.037275676044,1,0.326827638808,17.052025704202,1,0.260222554961,17.059178033858,1,0.228870777388,17.083542947198,0
1087206,ab,0.557552667686,1.009851061887,20.556115020059,100,1.037383099021,19.389322046775,113,0.769522504535,19.477087466643,106,0.637516241341,19.53489597276,118,0.701832488116,19.572450575919,107
1091627,c,0.312324736574,0.46661698022,17.322314630517,0,0.538787860761,16.141430979305,0,0.386336870606,16.200230474088,1,0.307942263847,16.290331631646,1,0.277153036586,16.351906401287,0
1092650,ab,0.532723258513,1.125636705688,16.775999514638,107,1.202687619294,15.480280584205,116,0.843295366974,15.627546528411,109,0.67651725013,15.696822218699,116,0.642590674372,15.73270252223,116
1094455,ab,0.559209641302,1.214843893275,20.572774913903,110,1.389632564578,19.375853108168,120,1.02206289283,19.529597189306,119,0.873460361367,19.63804469978,113,0.697507764386,19.764567588282,105
1096833,ab,0.554791623256,1.232115422163,17.531090793047,110,1.282171421114,16.322990473244,120,0.962913093378,16.465733167024,117,0.758117474776,16.580666419629,117,0.673063457003,16.664686750213,110
1102005,c,0.3298022767,0.467742174655,18.289248486924,0,0.507643022334,17.130639226963,0,0.354863162665,17.14018590497,0,0.280878209199,17.1886306095,0,0.24797739469,17.231196380601,0
1104006,ab,0.542664604021,0.832490727651,14.800276560028,104,0.727346088124,13.685653724976,119,0.483095179744,13.705782815903,101,0.55263972308,13.641779933774,111,0.512275371399,13.626496573484,112
1116811,ab,0.670265455378,0.371889725693,17.905678732858,100,0.36709110052,16.794504608168,100,0.273015147778,16.6488312137,100,0.205713271916,16.603639091465,100,0.19652944896,16.609659769204,100
1117692,ab,0.542616712208,1.361178071404,17.880951195319,110,1.3856128972,16.691025356722,119,1.025444954598,16.848118550669,116,0.836541649153,16.985266406363,119,0.748848439243,17.038891081607,117
1123380,ab,0.586535092564,0.605613790165,18.326372654749,100,0.73933211383,17.06676985993,108,0.472270093669,17.046703616075,104,0.395272284032,17.035978636684,105,0.339341557234,17.0322469761,101
1132009,ab,0.585812448979,0.828326036635,19.190522128204,103,0.911555618735,17.921455591284,108,0.619283327862,17.916128997041,107,0.48624317859,17.94718239476,105,0.439056648905,17.99532279277,105
1135062,c,0.349173384073,0.443745050261,15.248514542343,0,0.549841892141,14.038572391233,0,0.394581833647,14.118330790435,1,0.306730404831,14.182202262983,1,0.270188112013,14.254805728945,0
1141088,ab,0.758405223932,0.691988472456,17.403258798321,100,0.752960398227,16.248368026255,104,0.550583240357,16.173557888922,104,0.444263116787,16.176097814033,104,0.403976731324,16.178288727305,100
1141712,c,0.358943659988,0.461433624449,18.022345439982,0,0.51866706357,16.876760044149,0,0.360318743211,16.852232809833,1,0.284689028108,16.884247991892,0,0.251850790686,16.906458519203,0
1151398,ab,0.615207609048,1.252248952588,20.453185041746,106,1.135967883813,19.371213294198,119,0.809754435029,19.489138232549,112,0.667195394758,19.537573655658,119,0.568843524779,19.584556532863,116
1157760,ab,0.602961410714,0.79122629506,17.73336118154,100,0.916300042885,16.436352458247,107,0.638009352094,16.407423168427,110,0.521149693554,16.42267296249,109,0.479677964553,16.423108513645,104
1164401,ab,0.486791596147,1.236841969368,20.674653522465,110,1.407799424132,19.578603500947,118,1.011407196578,19.691949988743,119,0.888337506784,19.83349842673,118,0.83608824697,19.912157458999,106
1190623,c,0.315616665162,0.443540992444,18.306505723614,0,0.477956372259,17.056942310427,0,0.337285031946,17.082225943917,0,0.250938604375,17.136217211348,0,0.228121412469,17.180765069946,0
1191610,ab,0.46523431098,1.240524099984,15.324092188789,104,1.339616373049,14.087760468567,106,0.961499493001,14.174746207321,116,0.770336069903,14.350642251536,117,0.68312523952,14.438411663934,116
1200092,ab,0.52997322774,1.260217404494,17.9840750322,110,1.313563132834,16.787201920864,120,0.966139978962,16.951260405568,118,0.764553781141,17.094029629791,119,0.669740876985,17.164392522422,117
1203504,ab,0.459102100742,1.46151011431,17.511993836048,110,1.442666588226,16.284904875204,119,1.054301055395,16.483047913788,119,0.860954650864,16.645115937043,117,0.766872632091,16.722338812846,117
1217801,c,0.340179379813,0.427825565103,17.925080003274,0,0.48461659802,16.758063130883,0,0.352597616739,16.781314090169,0,0.262744589682,16.837379610732,1,0.224166854169,16.896697384589,0
1223933,ab,0.797848004434,0.469225453869,16.703289880573,101,0.450325696816,15.600546769262,100,0.331826622548,15.495483916825,100,0.270427324374,15.465845929413,104,0.248803775195,15.476351302982,100
1230610,ab,0.565396620995,0.956913322117,18.227729739889,110,1.105663138683,16.957770925283,118,0.775600379088,17.041120457547,114,0.619895293925,17.124055907972,114,0.54981911637,17.197949387277,106
1231908,ab,0.498564489439,0.576304244357,22.304863024526,101,0.783847911164,21.112202263332,101,0.719668125861,20.906609094108,101,0.657229827605,20.899009610967,101,0.458121187788,20.839348099739,110
1260383,ab,0.585823502411,0.602579977855,18.232814934452,100,0.764653799464,16.966124257317,116,0.471285424424,17.054828750955,102,0.390487573001,17.066434380535,106,0.367742657092,17.080306870094,103
1265892,ab,0.499788459515,1.428119664971,17.643642737666,110,1.449787080731,16.419191626128,120,1.075393921704,16.625035691144,118,0.859634870876,16.773920330776,117,0.746475590053,16.831625201212,117
1286634,ab,0.604839769638,0.733900074985,17.866173513002,102,0.79939554928,16.699584285941,106,0.53950364834,16.705342688814,103,0.431330817727,16.73868703685,106,0.394448593064,16.736148945676,104
1296407,ab,0.708586946896,0.928534696508,18.511587465764,104,0.955515819683,17.359126925814,106,0.664247796432,17.389950803935,103,0.579509849515,17.405784499662,108,0.496025092013,17.432882212971,111
1301781,ab,0.601052861876,0.840310061038,18.595640737373,106,0.930237965393,17.396422779757,105,0.629595203189,17.468586813985,105,0.523252095758,17.488809599973,108,0.453974907504,17.53573729931,105
1308429,ab,0.636983374644,1.182263798541,15.564434911266,106,1.14978168865,14.377168753791,119,0.896174807794,14.51413010143,107,0.718350592554,14.594571451236,111,0.663951905664,14.632835101342,109
1320077,ab,0.602280106502,0.696479855038,18.455030623304,105,0.702820225848,17.255927239481,114,0.457129783614,17.268225080439,102,0.382695584482,17.280200154469,102,0.341249271198,17.305844139089,100
1335377,ab,0.505989312549,0.898775950515,18.709333756207,101,0.944250528643,17.506531778666,105,0.675575825444,17.58373893931,106,0.541777885646,17.665763148025,107,0.517346488722,17.708202861041,112
1342595,c,0.284336968948,0.417961126396,17.957233191196,0,0.495467925236,16.721729474328,0,0.358715647494,16.818153554828,1,0.272421475156,16.914537212301,1,0.235468309807,16.973344201196,0
1343911,ab,0.682794019093,0.252469616671,18.232845438214,100,0.246155005091,17.087198101061,100,0.188456646899,16.931766183549,100,0.142147468307,16.881911109465,100,0.119694767224,16.898004715479,100
1358209,ab,0.555270315731,1.083721464589,18.475261476652,104,1.170484345289,17.248705841079,118,0.819811193635,17.350379612973,111,0.65133724262,17.445644815809,116,0.603839754149,17.479067431809,108
1359573,c,0.269456461915,0.362832764773,16.329044677951,0,0.408470580968,15.084974318718,0,0.280833963822,15.191539647587,1,0.23120017937,15.276231818739,1,0.200220937164,15.358882164524,0
1374620,ab,0.607067809222,0.826616916509,18.739142330444,110,0.823288304643,17.619173723965,105,0.623503240592,17.564870577265,113,0.48599088392,17.65373562791,109,0.464271562706,17.686143127507,105
1375324,ab,0.500316110324,1.385676211939,16.944764945297,107,1.480258656245,15.688160993286,113,1.147330930918,15.85137981096,118,0.908526877159,16.034284813852,117,0.739300104147,16.14408203652,117
1386131,ab,0.505346920156,1.102026038451,17.370251853864,100,1.255246677463,16.165229660021,110,0.96621653007,16.2633727266,115,0.746110173266,16.36114940672,115,0.662398664355,16.437146984297,117
1399304,ab,0.616113524717,0.675679209382,18.82954169291,101,0.660200583748,17.7035620792,103,0.454775277634,17.635823470383,104,0.366759185347,17.627155921795,102,0.326527814328,17.626017727857,100
1404827,ab,0.532961745677,1.144524533131,19.958705803043,108,1.01588196041,18.985334317065,102,0.706970605156,19.102237356795,102,0.59115144895,19.141904662815,101,0.543622352585,19.130139703782,115
1411677,ab,0.631356379875,0.862922824415,16.258229004333,100,0.911612522867,15.147426764304,100,0.661630935976,15.207697452837,102,0.534187447258,15.278157494956,101,0.495383622506,15.309938984581,101
1414940,ab,0.566206776889,0.956814752852,16.874648048224,107,1.020985541865,15.688401364166,112,0.708422037591,15.7592755039,109,0.550315434763,15.830630939857,110,0.51653157826,15.880153052932,107
1415276,ab,0.580769203352,0.884544529268,17.848889745979,102,0.762786687052,16.843461962807,100,0.530919792836,16.855277723781,101,0.40896040427,16.899279629749,100,0.419199719099,16.897266939106,113
1420164,ab,0.655639046387,1.130336589439,14.778040162076,108,1.001214697785,13.766798868087,101,0.836033276756,13.702135312817,107,0.676388169755,13.746515050102,116,0.56151039481,13.837378125745,112
1421011,ab,0.602795918944,0.787165464597,19.1178035356,103,0.760700177233,17.917417784777,115,0.534283950148,17.887327267592,105,0.415794498459,17.882879049211,107,0.371666616086,17.907099807127,111
1438472,ab,0.583339323964,0.764134717741,14.532856919131,101,0.912612357277,13.236586193405,112,0.59422555906,13.240413685163,106,0.466027106531,13.309838263485,101,0.405814152746,13.359000955188,100
1452363,ab,0.459303362229,0.741861355148,14.900230152809,102,0.721307826717,13.82035715835,100,0.549108510314,13.877887384304,101,0.42921264769,13.938645495796,100,0.42267175589,13.936271233763,101
1463748,ab,0.567901498598,0.85824219293,17.182667275908,100,0.905588489872,15.930637387144,102,0.685753051854,15.96077808519,107,0.514865484883,16.0334720279,105,0.428183171944,16.092348523923,101
1464306,ab,0.603992646399,0.781451520465,19.926143137356,109,0.911153524063,18.765180006391,117,0.652765039664,18.792644293325,113,0.516794030046,18.833479585516,107,0.477026361653,18.870271630318,104
1469157,ab,0.495867899144,1.390828706834,19.293211070068,105,1.384300440259,18.139804085456,120,1.015064800204,18.307280500313,116,0.835692711975,18.442244829868,113,0.673033675077,18.576165269956,117
1477740,c,0.297828481904,0.315187160859,18.953484897166,0,0.306151951632,17.778696373932,0,0.224349170815,17.846515688005,0,0.164865009107,17.930920695195,1,0.162507738961,17.992084468678,0
1478867,c,0.336589855659,0.461437029649,17.782150076665,0,0.522137124663,16.593369633903,0,0.36703551627,16.653938201158,0,0.275963791404,16.72764507065,0,0.25283261225,16.781597188717,0
1482164,c,0.395282732336,0.472320975685,17.258595227029,0,0.561443106828,16.118681651984,0,0.405237449206,16.136440451053,0,0.304029282508,16.186273088516,0,0.25344887826,16.226324996215,0
1486075,ab,0.585401410807,0.761777710176,19.235465294722,105,0.744700676465,18.164302656192,105,0.539622424972,18.192283403711,105,0.412789744501,18.221876560844,106,0.364722489928,18.253091805684,106
1493454,ab,0.561335434998,1.150254323353,19.794979223843,106,1.194868778771,18.557395707946,119,0.878635278026,18.659846800734,114,0.700083229182,18.730335124984,117,0.635911636703,18.778650383832,114
1494655,ab,0.467452477545,1.481494333256,18.581843316995,109,1.502105373006,17.370830287325,119,1.151316604903,17.584552561071,118,0.868499727551,17.749666570378,115,0.840180610728,17.838888280821,117
1496687,c,0.301655136155,0.50001713314,17.255694081375,0,0.562695653019,15.988769601357,0,0.395341752895,16.049572674349,0,0.310042023402,16.128553525749,0,0.268711887951,16.194449002021,0
1500601,ab,0.502025921903,1.378829719631,18.145056755528,110,1.397512026057,16.939724934243,120,1.047612005386,17.120015030491,118,0.802123524002,17.250173724807,115,0.729672500343,17.341321724807,117
1503067,ab,0.658608658239,0.87505739675,19.932391780497,100,0.874536816249,18.82627978402,101,0.644008284056,18.809989719413,103,0.493355522019,18.871390075248,104,0.466328634682,18.854587933599,101
1516296,c,0.350514843873,0.461521517792,16.925756640131,0,0.498574537986,15.766522093779,0,0.390737916398,15.742626336423,0,0.278836645564,15.783117728673,1,0.236462775709,15.83716683336,0
1521737,ab,0.47387337598,1.159794991277,14.258178681561,104,1.022084444914,13.208234157222,101,0.737958377986,13.256433496911,102,0.578018950193,13.353407381153,101,0.643655861569,13.328595883437,104
1529930,ab,0.636128907018,1.150493060212,19.028853146775,107,1.248933179782,17.807037726732,111,0.926123361425,17.830242979873,117,0.761516477952,17.916993162443,118,0.713308910514,17.931820503738,116
1532452,ab,0.571405302275,1.078867206401,17.413996456893,103,1.082912746557,16.197494785388,120,0.802807107179,16.27879997995,112,0.651733090935,16.319688330062,119,0.569952533419,16.39734780657,113
1561045,ab,0.495828518832,1.320636866892,15.863135579092,109,1.433686884425,14.625915067198,116,1.076780671864,14.822736624812,118,0.864837319419,14.964506948877,117,0.715826582597,15.073803067323,113
1563844,ab,0.622012236142,0.898060262689,17.598112109076,102,1.03880017884,16.352096454418,108,0.734919688786,16.360492106267,110,0.531894617581,16.447044879718,105,0.521490040709,16.455791446079,107
1565124,ab,0.503096383566,1.247302717733,18.215402251717,110,1.296108066991,17.034012191036,117,0.958945726076,17.171574792054,111,0.764729287145,17.266302645149,115,0.69699751201,17.365359485199,116
1568441,ab,0.530162470069,0.784896685394,15.190910714533,107,0.844795369009,13.960764969399,114,0.67810516604,13.969105601967,109,0.492570170717,14.101303599524,108,0.497010212766,14.115774926336,105
1594723,ab,0.639304964829,1.019436789413,17.898845777219,110,1.074421122371,16.742185433968,108,0.773503296765,16.802393433612,107,0.608662463155,16.880842552736,109,0.528940609008,16.922437965577,111
1604251,ab,0.630371258496,1.082604332214,18.404192204944,109,1.019021172859,17.389512600277,103,0.705324431026,17.48942428164,100,0.607132937175,17.510823782838,105,0.612101112629,17.482647868963,108
1604541,ab,0.722990487911,0.703703157101,18.487824392602,101,0.717179344888,17.335451567866,104,0.502897079996,17.286562234813,104,0.390619716129,17.295699146873,104,0.37475319981,17.292441131563,100
1628736,ab,0.646565277081,0.629723533953,18.925154453221,102,0.632104127808,17.721894374569,101,0.421946264018,17.663602889235,102,0.324367801324,17.653066850764,101,0.304161180641,17.646669112709,101
1634879,ab,0.515439109508,1.302692414646,18.608474529014,110,1.392149308006,17.345954220401,116,1.017186779932,17.528499592333,118,0.842141788312,17.644269993815,117,0.731229758538,17.733216018568,117
1635700,ab,0.595181936838,0.726423541051,16.917177530808,100,0.829216042977,15.749111670161,111,0.615210275956,15.796615109056,109,0.482964800675,15.852327975388,107,0.433922563696,15.871008456187,114
1640797,ab,0.563838556987,1.035878185518,17.745962545013,110,1.087358330134,16.57453154438,115,0.768959843247,16.643999347929,113,0.575837493544,16.770207180368,110,0.538428839653,16.791881795908,110
1646523,ab,0.637431229204,0.57805611259,18.080126611093,100,0.612317246626,16.959175239657,101,0.465402755549,16.872095220636,105,0.37743535692,16.865102289013,102,0.318659026457,16.866201003547,101
1651620,ab,0.552132918074,1.254541325285,18.469565619827,110,1.248416671157,17.324878987435,113,0.943007382492,17.455590577118,115,0.759990585087,17.554049995706,119,0.675439771303,17.630015634784,108
1652999,ab,0.597904834739,0.878308533765,21.291824906782,108,0.969039683694,20.203764747236,106,0.699328946698,20.163359048897,117,0.520169502478,20.242159137739,118,0.373292810437,20.218774224097,109
1660792,ab,0.557696402635,1.076129636591,17.923589161912,110,1.128507757207,16.714997993365,120,0.817304504585,16.818970924356,114,0.654234300211,16.911432393654,114,0.603195993021,16.932619595098,108
1661779,ab,0.676667983826,0.8568635366,17.628341779911,104,0.938134176879,16.466720563977,111,0.659873232363,16.487976144258,113,0.53304556557,16.552648080079,111,0.484400386163,16.581235397676,106
1671222,ab,0.604475547035,0.532806589505,18.622051075106,100,0.693232684322,17.317442968453,113,0.476862545722,17.351468060271,104,0.333552532984,17.395167630676,101,0.289472047502,17.414251818802,111
1689801,ab,0.594115789073,0.797190312549,18.694412992539,100,0.903666263836,17.481393469675,108,0.626123793758,17.503203177496,108,0.453731871863,17.541203294212,110,0.430878076982,17.562497501031,107
1709732,ab,0.649984725123,0.344193065089,18.640441697641,102,0.332490396339,17.496848831623,102,0.240621984598,17.356122239145,100,0.189599221506,17.301215396317,100,0.183119048047,17.318234585184,100
1728462,c,0.33968397432,0.549490180817,18.829551849648,0,0.642337971124,17.639979677635,1,0.439943689355,17.755623405799,1,0.341788490626,17.862475079148,1,0.284696911206,17.932148029363,0
1729301,ab,0.513424783059,1.329417562922,17.121068402823,109,1.354823810913,15.912003263907,120,1.019074813623,16.104245295399,117,0.823208061716,16.211592923508,113,0.702083316421,16.285133661818,117
1736120,ab,0.622183404823,0.628052552556,18.432296133137,102,0.644918859014,17.234718438269,104,0.456213481228,17.152078489557,104,0.395771048561,17.152998875849,101,0.341731580079,17.156351047889,100
1747387,c,0.348105290228,0.26587291232,17.542641764578,0,0.324916744485,16.408250210839,0,0.235635403759,16.479310798514,1,0.181320628993,16.568098091016,0,0.151981451984,16.633476950473,0
1757431,c,0.254145925236,0.267728154422,15.9007578618,0,0.30358941436,14.684182563903,0,0.214493475074,14.771346886215,0,0.169521097386,14.860019998171,1,0.150114966309,14.955376233445,0
1777602,ab,0.491285132825,1.085163559199,18.13033152704,106,1.085367193898,16.956536619467,102,0.803610707339,17.057209164229,103,0.625713678506,17.121470643605,110,0.539003485219,17.159462094208,113
1777709,ab,0.537072218816,0.989306285266,18.240013215821,110,1.101646308735,17.005155233828,119,0.834923391986,17.089463567652,118,0.653943063622,17.190068138062,119,0.596651291815,17.254925494425,116
1780197,ab,0.471223176647,1.51464635993,17.83082794001,110,1.496354182104,16.61617763642,120,1.097410986834,16.820182932815,119,0.84603872251,16.966785057632,115,0.829325282903,17.080008308117,110
1781006,ab,0.810903565038,1.250351317324,17.363472452052,110,1.325769170248,16.220133427709,119,1.013367813699,16.421858757941,118,0.824751046148,16.572073175693,117,0.717704434228,16.661172777267,117
1784813,ab,0.591316315026,0.771321366487,17.384208905716,101,0.818044279628,16.179410668271,106,0.573454331018,16.149285938199,105,0.445610608603,16.171356354159,106,0.382229730699,16.226057484329,100
1794923,ab,0.519668054603,1.208571247136,18.054543854043,110,1.274852856678,16.873402715892,116,0.937785745839,17.012422067479,117,0.756949415606,17.115672141593,119,0.666950971443,17.200017800361,116
1799963,c,0.344819485045,0.42758882427,18.178229185983,0,0.500789248807,16.966981525944,0,0.34650981859,17.003056624116,0,0.271494757996,17.043796668077,1,0.242324087119,17.110369300586,0
1806461,ab,0.475384338501,1.507067604855,15.658227187953,110,1.471400265627,14.470011442223,119,1.095932234817,14.700160766819,118,0.890529869152,14.85466457671,117,0.781751921982,14.94267405412,117
1812388,c,0.348913305303,0.476515163939,17.708059755537,0,0.522630001618,16.560567248332,0,0.367112989366,16.577190665795,0,0.285865348413,16.631910961872,0,0.251685532551,16.684931909947,0
1816764,ab,0.5190620232,1.020602939599,16.940883270968,100,0.958998639554,15.874042799228,100,0.673374252533,15.935306562153,102,0.513576366531,16.011402478858,100,0.504115679701,16.020316329201,102
1829974,ab,0.498811723395,1.397670053957,20.596386458701,105,1.476524288923,19.499164809564,120,1.131344658095,19.662269004271,116,0.931166574741,19.84436440473,117,0.643689158864,20.006775047662,113
1830137,ab,0.616433178532,0.748803329211,15.069611985156,101,0.787138557404,13.907154333298,106,0.562504499492,13.881718994691,107,0.44472866527,13.92475851642,108,0.397525673312,13.969614099065,105
1833923,ab,0.675836226434,0.521103994421,18.713759890155,100,0.547225605497,17.578912631758,101,0.374358213094,17.465754358016,101,0.316314377445,17.443859820956,102,0.297061366545,17.450681312655,100
1835117,ab,0.622160962207,0.967199151007,17.375033333584,104,1.012683583499,16.19860099972,108,0.722390540072,16.215185260701,110,0.571853639792,16.28700187816,109,0.516487351681,16.322108502936,104
1836599,c,0.338629884738,0.438593387596,17.175375360487,0,0.47470957256,15.988498387246,0,0.332982649516,15.996712360299,0,0.259861361749,16.033877016691,1,0.22273254403,16.089511642886,0
1837162,ab,0.580767811149,0.841510349157,19.298292524679,100,0.930340815542,18.094783967938,111,0.694772084601,18.128542658744,107,0.519196297645,18.205556067234,107,0.454174892156,18.278911122113,100
1841285,ab,0.499553917313,1.516369110261,17.044722120681,105,1.508692567549,15.915856978707,117,1.090428601557,16.082998166021,116,0.790622686811,16.3176775116,100,0.885882394794,16.348332053074,100
1864989,ab,0.575207257159,0.965930066109,18.202608634082,110,0.973753764439,17.09456737487,106,0.716926799023,17.070653682952,109,0.560819041229,17.126664387425,110,0.502916572765,17.189282779813,107
1867617,ab,0.576160850198,1.237493439282,16.954081533525,109,1.313270016868,15.768692317618,118,0.949507834989,15.887443075748,115,0.786355413456,15.953774758776,113,0.678232441527,16.065827483315,114
1879031,ab,0.5777732697,0.841775121056,17.517124414584,107,0.877292295413,16.361974472187,105,0.611655634958,16.372769656353,106,0.483906732286,16.409065700024,111,0.457387566273,16.43216870913,103
1884245,ab,0.621679702237,0.732767807233,20.203074133395,107,0.766013455846,18.960809091858,119,0.563083145367,18.969619530711,107,0.373148882193,19.028134048977,100,0.363521450734,19.045139560819,105
1895734,ab,0.674987649539,0.872357493913,16.536276191203,101,0.944812543013,15.332433445623,106,0.672749670124,15.351675258365,108,0.566948728068,15.377321617144,109,0.464102950666,15.446745237367,100
1898191,ab,0.594216511509,0.742970760611,18.08670267609,106,0.795413763038,16.891565730318,108,0.537315594154,16.871384530442,112,0.452666385815,16.907409275357,108,0.377161668873,16.924509293256,114
1912140,ab,0.570165312527,1.188682335508,18.127227550508,105,1.221504546955,16.982000471935,112,0.883805848053,17.057243735948,112,0.702740263349,17.148272681349,116,0.62324771091,17.210390873562,114
1928523,ab,0.601955559798,0.614665006713,14.866012682076,109,0.645203587826,13.675550914028,113,0.52332884002,13.76899226535,101,0.416383419038,13.897168747179,106,0.330212459297,14.008810924524,101
1935271,ab,0.564230362405,0.97805701896,16.078917793158,108,1.025326243662,14.889847119776,111,0.733776169498,14.926766457311,109,0.581410208328,14.984514621204,111,0.538634379196,15.022811451258,109
1950381,ab,0.597984506204,0.923236003381,17.536338801899,107,0.992970674008,16.323369754611,113,0.713107821497,16.371808770033,113,0.609241369922,16.41331581596,118,0.530675935397,16.460693420711,113
1956001,ab,0.552552731735,1.15768697397,16.97235521833,108,1.176815004626,15.79920943355,117,0.847068443867,15.92665733801,113,0.693463533144,16.009092047512,113,0.602175795528,16.101075250275,114
1958810,ab,0.547844370805,1.123759842802,17.343254273684,109,1.133363511355,16.180923030934,111,0.819110326281,16.226760836246,114,0.689422191056,16.286029200568,118,0.605752030774,16.370848350863,110
1975314,ab,0.523824647617,0.96567062835,18.420555861873,107,0.997682226831,17.346437906423,111,0.733544262947,17.420882977437,111,0.580744162476,17.530950300915,110,0.566770343778,17.545811154288,113
1981725,ab,0.485873184148,0.657998506183,17.606018011232,100,0.73041450217,16.450577778089,100,0.488345850189,16.547840657306,101,0.417343848841,16.5554850634,100,0.384388400812,16.568451746681,101
1986301,c,0.30839523597,0.505077979706,19.085753542641,0,0.592731973147,17.89657680052,1,0.408387095682,18.013143364845,1,0.336704808834,18.08531063347,1,0.273739035654,18.161964980802,0
1991751,ab,0.658993852154,0.547145708193,17.012586771507,100,0.596794956636,15.830100076894,101,0.424699300646,15.768547452309,104,0.340034638254,15.767702638129,104,0.292212236137,15.769477827291,101
2021875,ab,0.476303326318,1.302794202378,18.414961393744,110,1.300077686505,17.255463810057,119,0.998565083706,17.434725475085,118,0.785308964468,17.559070339254,115,0.735985299638,17.645018123764,117
2022233,ab,0.502488964174,1.417609756693,17.859432011174,105,1.450173964651,16.725190683994,109,1.02460267673,16.905912603981,118,0.83995765257,17.053253748472,118,0.731057888396,17.105478548252,117
2084718,ab,0.49311280321,1.28901933481,18.231081853203,110,1.31919947967,17.073040803152,109,0.934246994235,17.254422423671,118,0.765198457588,17.391772540181,114,0.723035286882,17.425660685046,116
2089796,ab,0.533638840049,1.185135870601,18.578786806765,105,1.179088156664,17.422363888396,117,0.855874554426,17.543979867758,111,0.689638152031,17.660507789236,112,0.616997757975,17.709074186212,113
2105056,c,0.313306631024,0.605912202641,21.330771557295,0,0.743007067936,20.225588647663,1,0.51399401331,20.338594503924,1,0.429508458448,20.446271124345,0,0.271311004894,20.446758090808,0
2105372,ab,0.649103986993,0.934837840913,18.817093996808,104,1.009045358717,17.65342075228,106,0.714427628948,17.678479124829,108,0.572129560262,17.737375121823,108,0.489916759939,17.774605534949,101
2108339,ab,0.615069304616,0.759707054636,18.903545616758,102,0.883278590704,17.694942338589,110,0.654371449629,17.69245395672,109,0.502667788318,17.746615345495,111,0.476428228755,17.758523100561,106
2139649,ab,0.630075666593,0.463794381197,18.752113941627,100,0.539796579459,17.578376346567,102,0.376047147204,17.542603474371,100,0.284367943075,17.509610136383,100,0.292608037455,17.496776624494,104
2150854,ab,0.580196017269,0.87160257664,17.513827741159,110,0.905022679677,16.419243863418,107,0.650965864604,16.457135648713,110,0.504244174644,16.508272681073,107,0.489053095071,16.529557971066,109
2155005,ab,0.601093225883,0.77093068221,16.673976523559,105,0.776969255618,15.482417516889,103,0.571271656792,15.449128342049,107,0.419343978899,15.482286086073,107,0.370625073868,15.539324396706,100
2157016,ab,0.551395621633,1.368157201325,15.43420979392,103,1.386757274464,14.213730809556,110,1.025049742829,14.327639639634,116,0.858356523723,14.480668254883,118,0.734330640551,14.581833131401,115
2158989,ab,0.71883653049,0.819256673974,16.754754995216,105,0.848874029481,15.649388078923,105,0.627449647132,15.632739111041,106,0.498516127571,15.614715669775,115,0.468367364325,15.689840051429,105
2175525,c,0.397691050696,0.411978154717,16.678498567269,0,0.457324092834,15.522638434506,0,0.324663775551,15.540647992659,0,0.249002468651,15.597245222009,0,0.208105872863,15.653648885663,0
2187058,ab,0.594659211213,0.87373908309,19.529478315105,107,1.004502381407,18.319333669613,114,0.721301999137,18.35236806906,119,0.55178819222,18.417950971524,115,0.544255908069,18.463614620704,113
2198610,ab,0.501085915722,1.481422798695,18.629858922484,105,1.433914459237,17.555849993884,109,0.990842328915,17.722330847269,116,0.778186768722,17.880958762048,115,0.694671457686,17.983394419163,117
2212327,ab,0.480682760765,1.400937855629,14.212169051935,109,1.162904728117,13.196343776699,102,1.006446979901,13.203037859195,111,0.882250385003,13.275157368017,113,0.756271141891,13.391832885163,117
2213142,c,0.301762819457,0.430319596923,17.081465126232,0,0.49958205019,15.84851178473,0,0.365652698221,15.945595927041,1,0.279647565042,16.048619657766,1,0.241508209703,16.122495342709,0
2222649,ab,0.614298415366,0.620613264454,17.633071451234,109,0.639447703038,16.506618615266,108,0.435730336881,16.447734702981,108,0.325546460186,16.481605207032,104,0.310388105152,16.48559174916,100
2226631,ab,0.639547636583,1.132687969954,18.120646823413,101,1.077994985343,17.03755428609,100,0.91756833751,17.000387036014,112,0.623814915467,17.160741623261,100,0.615358209515,17.168989567006,102
2226946,ab,0.568736495924,0.91706484636,15.624218455653,109,0.994032544089,14.455720563022,118,0.703232442133,14.53935754262,109,0.569374110962,14.596737382812,114,0.500720001837,14.668916346449,106
2230438,ab,0.561556700406,1.084084044982,17.236852131373,105,1.137626152954,16.080401436841,111,0.809838069571,16.154530370005,112,0.625626170429,16.255226005816,110,0.54639967582,16.327961366788,104
2233809,c,0.290364294151,0.532173037725,18.127776526861,0,0.612617912881,16.944317736602,1,0.41710970398,17.076329275823,1,0.32893682537,17.173657438378,1,0.287981183277,17.254470224884,0
2248073,ab,0.622378292302,0.846335291089,19.615104785938,101,0.948104457083,18.409277351262,114,0.711792285473,18.418615167921,113,0.56502831147,18.467707964547,113,0.474966294309,18.509064284264,117
2278841,ab,0.51705657229,0.96721981377,18.724926498086,103,1.079907385544,17.54732038718,107,0.771999370873,17.656130796707,106,0.595134321877,17.765967676546,107,0.538003727471,17.795143754066,116
2279091,ab,0.630271960518,1.256905732012,15.044585439241,109,1.316285874631,13.810561405075,112,0.94025159945,13.984312872161,108,0.76540768974,14.073981672567,109,0.691803898208,14.118587136716,114
2291937,c,0.387939302184,0.456214792373,18.87594097036,0,0.513507495889,17.763947840537,0,0.357299303065,17.762958095511,1,0.291094436931,17.782634704484,1,0.252891968873,17.827750675352,0
2297800,ab,0.522215335892,0.964942386384,16.238773689952,101,0.997167559306,15.067426792661,103,0.699946921789,15.147402590629,103,0.558210068159,15.230688456214,103,0.557245041505,15.256489278142,107
2308042,c,0.41647157957,0.414425709835,15.294719114141,0,0.380675894664,14.128969179602,1,0.274874488031,13.934995531445,1,0.212230547277,13.884491058161,1,0.19415634207,13.887270416755,0
2313959,ab,0.712152910794,0.777235044405,16.636989545241,101,0.796142299926,15.426946615371,101,0.596140334935,15.382085466147,108,0.459689138467,15.441557020202,104,0.420021294074,15.479271175046,105
2314306,c,0.324506351808,0.527752125326,16.370352624407,0,0.644787634492,15.179594649924,1,0.446249307678,15.279658967478,1,0.353610412347,15.363176462961,1,0.309484788458,15.423396118725,0
2317855,c,0.275353820991,0.287687172647,18.788899591903,0,0.345473636398,17.567463497939,0,0.253203987705,17.672356788727,0,0.191719711461,17.781841078239,1,0.141782455801,17.863233693859,0
2361636,c,0.305878478154,0.540082827299,17.291834417828,0,0.599511220673,16.100833542594,0,0.425365751977,16.164492205215,1,0.335038081361,16.243701159804,1,0.290539017175,16.311099188346,0
2365928,ab,0.661750971231,0.501289785421,15.034805719629,102,0.426333787811,13.90041119096,100,0.327941094982,13.813779380951,101,0.2854104346,13.780585387405,100,0.262673716789,13.813371018527,100
2368337,ab,0.74296967787,0.351242997217,18.17252841949,100,0.354078226285,17.010533593645,100,0.260304749695,16.853266412579,100,0.202430355869,16.79055346588,100,0.198532061586,16.778041576841,102
2369144,ab,0.475827731727,1.144314638418,18.324705345586,102,1.272725773286,17.081601414479,105,0.944387352871,17.215492444029,111,0.755950636896,17.361542301024,116,0.636219719066,17.469242906121,113
2372082,ab,0.574309100802,0.790122151242,17.177615354186,108,0.823832044859,16.019236612714,106,0.579304842125,15.986708295264,108,0.438342880074,16.018632923875,106,0.392067366494,16.045883023641,100
2383195,ab,0.493954869549,1.443814694155,17.58199950173,110,1.473222390436,16.41453682964,119,1.113384660362,16.633246241837,118,0.88863711286,16.796165556853,117,0.787777918641,16.882427688465,115
2396176,c,0.265782892962,0.43978533873,16.723069350977,0,0.452258899664,15.528808460957,0,0.342981355069,15.584309006479,0,0.273153096124,15.648593428498,0,0.230857267295,15.718410399387,0
2396343,c,0.336033441654,0.477394905481,16.381526994784,0,0.52202796611,15.195852768265,0,0.370392464676,15.223242501686,0,0.284482527014,15.28057630493,0,0.267697389551,15.330838040635,0
2407601,ab,0.56246610614,1.083263505239,18.072079846,110,1.140845554245,16.876127121382,119,0.797957876717,17.008322144642,116,0.660755476557,17.120152555306,118,0.5609018359,17.203766473559,117
2418168,ab,0.587747370137,0.839115760171,18.399046771666,104,0.873343774282,17.219572280264,115,0.63776282582,17.231928386056,110,0.524889729795,17.275128751419,109,0.456968097451,17.325890146802,107
2421108,c,0.286312911829,0.281124032232,16.939236402343,0,0.359782174915,15.678736801574,0,0.250457219504,15.777396250216,0,0.170353462855,15.888207459715,0,0.166555706906,15.956895395364,0
2438281,ab,0.549935685528,1.110429416623,18.267025940277,110,1.165276596853,17.08162264986,120,0.818786547179,17.193779238441,116,0.674296033295,17.300846721789,116,0.609821497735,17.353770908978,114
2445511,c,0.39422334917,0.524039770039,17.008900855514,0,0.598746130761,15.872296285224,1,0.429119085799,15.908103542661,1,0.338408878625,15.960040561022,1,0.288978042071,16.020488060182,0
2454285,ab,0.545437122787,0.742953854807,19.154421251892,100,0.827562385807,17.948277028281,116,0.593897796424,17.999274750426,102,0.492520002695,18.043133730775,104,0.447867800762,18.071671926426,107
2461789,ab,0.646986893565,0.771859947516,17.423419916635,107,0.829537599631,16.308010718831,110,0.597003178708,16.330551605362,109,0.481300574617,16.369223845252,110,0.42385743285,16.424375832016,104
2463400,c,0.393547850623,0.332758863666,21.443338817214,0,0.538409099055,20.375510859248,1,0.341343313663,20.395760959852,0,0.303861855645,20.361638954501,1,0.240645283073,20.375673917546,0
2464128,c,0.397668832141,0.464697801131,15.572121774805,0,0.548041507176,14.387453421449,0,0.356000354646,14.427333501614,0,0.327683808306,14.426466923548,1,0.253454898517,14.49078755081,0
2474106,ab,0.51943716985,1.256438715176,18.076865913127,110,1.277055262707,16.88584746758,119,0.930142719358,17.024094138992,119,0.767281736085,17.140207013327,119,0.677019945116,17.229830010235,113
2488976,c,0.405046761296,0.437426937978,15.959157352517,0,0.495276720613,14.76901745095,1,0.35540392876,14.732149733509,1,0.269472757518,14.76168326942,1,0.234469097071,14.798075196059,0
2506078,c,0.361015966807,0.391233397647,18.137677269221,0,0.454938761405,16.973894476883,0,0.298895320266,16.995519862959,0,0.251736441037,17.026788420159,1,0.220556748739,17.066867619523,0
2528013,c,0.35891609191,0.500462177487,18.737084335808,0,0.559724695813,17.578783178106,0,0.398583153112,17.626739544126,0,0.308504459005,17.695289359453,0,0.279924769406,17.754318727504,0
2557547,c,0.287730433217,0.535099580033,18.589836512325,0,0.64984704246,17.333642583691,1,0.448427004835,17.476269280526,1,0.349291017827,17.579886664154,1,0.302208835281,17.641696524783,0
2583770,c,0.337362109819,0.46247576292,14.648993390548,0,0.526818630326,13.489557585468,1,0.370980597333,13.520619279207,1,0.258828843874,13.604318261224,1,0.246240197339,13.643140429182,0
2589749,ab,0.554513694095,0.768915885995,19.092244785787,102,0.902439900382,17.904227473798,108,0.592712741778,17.930251013019,118,0.483030515126,17.994888839995,114,0.413827514937,18.051803740749,112
2609442,c,0.309431722951,0.48028968929,17.750695844867,0,0.522968803325,16.605689540621,0,0.366413359836,16.653337764082,0,0.285625360881,16.731276497377,0,0.258877491976,16.767821396208,0
2630747,ab,0.55036964148,0.61627516587,18.220511396131,100,0.696488578818,17.049270117503,101,0.465565808784,17.06347467965,102,0.37352080609,17.102674931332,101,0.338169476581,17.151926252672,100
2639854,c,0.298260533581,0.298416377537,18.380233812962,0,0.355487509691,17.18319086045,1,0.246064891535,17.246323726402,1,0.20191059242,17.314956512421,1,0.168085785227,17.396270534475,0
2642610,ab,0.536477535378,1.150179768593,16.711309319849,105,1.193932876568,15.540496809539,119,0.878768397362,15.66870312716,111,0.716782977683,15.768233436382,119,0.617688773933,15.862541953891,116
2659801,c,0.329615060335,0.558180334926,15.162073414948,0,0.658718965938,13.981480338399,1,0.454012597533,14.068774843428,1,0.350706510288,14.152858378996,0,0.316816213874,14.217218489517,0
2666464,ab,0.657946916176,1.104034312808,17.959587775161,106,1.220365757455,16.744223530454,109,0.856742368026,16.873776224383,112,0.679637650572,16.974686396875,111,0.617169851869,17.024986101926,106
2671427,c,0.328556304512,0.416006586942,18.613576029581,0,0.474408256643,17.465786147572,0,0.331538114818,17.483165868343,0,0.275781760434,17.543755083626,0,0.231852590062,17.613874942134,0
2672828,ab,0.647529981692,0.854070234593,18.218367416971,103,0.930545737689,17.029372173486,108,0.62288233441,17.090959748545,108,0.514972145334,17.130777112244,109,0.459443489062,17.170628173347,111
2677849,ab,0.589468382724,0.757051117905,19.585277593782,100,0.889128262714,18.393209399034,103,0.571070431986,18.44914480858,103,0.476085038626,18.491578124833,104,0.456993634483,18.516769398111,106
2682034,ab,0.55060434983,1.140776911248,17.784085617822,109,1.138122050092,16.654589682426,113,0.856885930662,16.728807266339,117,0.664240928978,16.831008581417,119,0.599847551418,16.914625202982,110
2684274,ab,0.515640033931,1.169625042354,17.784389234799,105,1.154372705093,16.612622440181,113,0.853321207375,16.720551116307,117,0.656722143492,16.846826589676,110,0.633604113149,16.881917957879,108
2686670,ab,0.589949255914,0.966436342929,17.389405725311,106,1.009030823442,16.232981288921,118,0.70929430825,16.309719445218,112,0.58103419129,16.371885130961,112,0.524836951966,16.392565687852,109
2699885,ab,0.630829340889,0.494977829017,20.781453913428,100,0.505472515901,19.669181861455,102,0.34933023695,19.615562835817,100,0.331112083689,19.559376665906,108,0.30178593394,19.562390386872,100
2701721,c,0.277776263543,0.586618306272,19.178537001765,0,0.611428964768,18.016516502899,1,0.433579606366,18.124835881634,1,0.342819512777,18.215334937069,1,0.299677320086,18.3042057934,0
2708658,ab,0.649471743968,0.372197871497,16.72677411908,102,0.372009525283,15.624156106843,100,0.263970048524,15.49649691796,101,0.213960023556,15.471121487365,101,0.175667905367,15.483773570182,101
2710828,ab,0.598634821807,0.60850272259,16.682058621982,107,0.638362327917,15.576133155924,103,0.471247475055,15.454013628692,116,0.349048845525,15.486863148805,115,0.342334409807,15.559461014466,106
2716396,ab,0.455695585175,1.510285349965,19.121556123242,109,1.483998664336,18.013747744012,116,1.111040106632,18.177519712178,116,0.90795408469,18.367093036217,118,0.795164857163,18.4583238773,113
2746161,ab,0.52761069536,0.905146996057,17.259547197405,107,0.993925521532,16.055761921509,113,0.780071455283,16.101594619481,118,0.63508157525,16.198110391381,117,0.506194448933,16.337771159969,105
2746520,c,0.360330782207,0.448088161003,16.83010235786,0,0.487019127228,15.640171597395,0,0.344792409763,15.594869562432,0,0.264218188431,15.609007292229,1,0.233831731551,15.66014850588,0
2751495,ab,0.632882295956,0.357386470102,19.261240667016,102,0.301200660639,18.154481599574,102,0.198849654966,18.037994175409,101,0.175427007569,17.985786809715,100,0.189936176387,17.987439848122,106
2754458,c,0.335156131975,0.439619970606,17.967112848972,0,0.465290092317,16.850910888268,0,0.341726164795,16.879183495323,0,0.24403672012,16.952769079919,0,0.228295313367,17.004603423609,0
2767122,ab,0.512230079407,1.127101105229,15.615675378874,105,1.125189474517,14.436925393707,119,0.84727310303,14.659313253686,101,0.637262789316,14.785692192263,101,0.558904613909,14.820335843765,102
2777873,ab,0.581709803143,0.840877700743,16.063088954779,104,0.881607765143,14.891567105204,108,0.573964137513,14.91381391473,106,0.485387094855,14.962486429069,109,0.435988263334,15.007004502784,105
2779194,c,0.280631101746,0.512072484266,17.068244120762,0,0.589151402682,15.864660186913,1,0.404499026326,15.983444400866,1,0.303617416415,16.099753853418,0,0.263007650493,16.185281446218,0
2792532,ab,0.528063820269,1.296110317699,16.814730943952,105,1.41097961263,15.624257922016,109,0.983011598681,15.809565260929,119,0.75005829097,16.015263793112,112,0.712960288946,16.038257861109,117
2794912,ab,0.530292483537,1.000176095642,16.470010031182,100,1.140396805862,15.304605939983,106,0.796727906038,15.424765379614,105,0.606644961902,15.473924470202,115,0.609567680088,15.548880503358,104
2796512,ab,0.466139497986,1.4100031715,17.057032259305,110,1.441861752896,15.891928532865,116,1.073805874086,16.081803542864,118,0.867371281886,16.250593363576,117,0.743102995472,16.331065492998,117
2798633,ab,0.610573633751,1.199634168938,16.635594136645,107,1.287109696976,15.416228221325,109,0.913011392637,15.551461249833,113,0.772534408858,15.630478237898,118,0.656689218308,15.717945464932,114
2862649,ab,0.592992999537,0.86914511686,17.174653596704,101,0.859226535127,16.007123293948,107,0.636559243942,15.994948548103,110,0.511415614754,16.048375627112,109,0.44766973626,16.100870451492,104
2863787,c,0.366553126584,0.527481475345,16.273151251699,0,0.606606617516,15.094892284993,0,0.4440442533,15.161993753918,1,0.335430873899,15.265888031682,0,0.300664204994,15.331936774966,0
2876780,ab,0.482987683855,0.78315740659,16.381620110309,103,0.807572429458,15.189980861324,110,0.615273347479,15.248096021273,104,0.49755086211,15.311336109015,111,0.479005435399,15.336407116154,110
2881014,ab,0.571263675054,0.87379583087,16.002042926802,107,0.981872335764,14.775641956838,105,0.673602120079,14.863601954312,108,0.527257424414,14.902690982433,113,0.503666314424,14.976047410764,106
2881977,ab,0.650036620419,0.3960114919,17.763080239615,101,0.414273223863,16.609774238841,116,0.303461408142,16.48721831706,116,0.257814243358,16.468553853435,113,0.223293223774,16.507113494287,115
2883224,ab,0.531060159017,0.955755636214,18.488185654193,100,0.927576154528,17.370990291238,102,0.766830300881,17.31968802188,116,0.623029063617,17.444656134831,118,0.490162351646,17.569063972908,101
2895452,ab,0.54276128503,1.224682307547,17.116559899532,105,1.253819044699,15.884274955258,120,0.892391638558,16.020281858198,116,0.76097780394,16.117131872133,118,0.647464879568,16.215417615104,116
2897953,ab,0.69096261242,0.858304815348,16.65723593997,108,0.913578012691,15.504372261693,106,0.662632926228,15.503733822401,110,0.529832597781,15.549988378882,108,0.476946953814,15.593196872532,105
2898698,ab,0.529044197572,0.856813916828,18.24044371712,102,0.928401766661,17.112440365894,101,0.683301370128,17.14633768793,109,0.533359421446,17.232978840052,110,0.464914791914,17.296692943694,102
2900402,ab,0.524376332962,1.053687609173,18.192148262879,105,1.043429193706,17.045940223417,113,0.748397769104,17.143717402268,115,0.573133012381,17.205149673281,115,0.520236008177,17.312039309783,112
2903664,ab,0.436911440463,0.424188826864,15.636930685366,101,0.50903821439,14.522640741351,100,0.312413917149,14.539604639224,102,0.270275624462,14.552195840146,100,0.301442833325,14.551129605744,111
2914119,ab,0.574251974723,0.926073842457,18.166188223899,101,0.994616060097,16.965486076146,112,0.701291194168,17.019934672244,110,0.555375890494,17.098597775905,111,0.521063149689,17.141306595752,107
2945973,ab,0.604808830923,1.005189628271,16.280218851489,102,1.094916983789,15.102891906702,105,0.697953242452,15.332213267645,100,0.577225578406,15.339053609662,100,0.54180926805,15.339805200593,102
2961934,ab,0.579396503278,1.056475307984,16.718156781021,109,1.105977225879,15.642067898569,106,0.807349726598,15.694764070005,118,0.634541833723,15.77921783911,115,0.552889175683,15.929017569615,107
2984427,c,0.323420178702,0.515470075087,19.706336089455,0,0.635692052966,18.504867247829,0,0.451413007415,18.576941921485,0,0.360626153575,18.649154724329,1,0.23741417247,18.749756867284,0
2993715,ab,0.620311806887,0.924892181647,18.776642582079,108,0.990716280774,17.629628448064,118,0.69707525786,17.682184844894,113,0.55500736843,17.773400342104,110,0.495706635919,17.823226941093,103
2993853,ab,0.610646561655,0.809443730407,16.741746598628,108,0.850500241943,15.580182460726,107,0.584628259174,15.616676492068,106,0.492464883236,15.658111927657,109,0.421755287647,15.709110157747,107
3008757,ab,0.589379870609,1.086470416458,18.978199862494,109,1.064897482684,17.899356174565,116,0.795383325032,17.976181183943,117,0.646531777113,18.045224872524,117,0.568269240788,18.131526201432,104
3009615,ab,0.540127219771,0.934898194112,18.888935452591,100,0.969925465432,17.611703981983,119,0.753021569068,17.692989955065,105,0.581963281354,17.763724350312,117,0.533933818268,17.805187829611,108
3016107,ab,0.512091977726,0.366057170735,18.431926841332,100,0.447340233871,17.37169003822,102,0.321644967483,17.368958422471,101,0.248501562612,17.38231830399,100,0.212847710439,17.4190546536,108
3019986,ab,0.510663518832,1.216965047773,14.889253345622,108,1.24461806996,13.722045698689,114,0.898864146959,13.880917645667,114,0.678837677915,14.060706467693,107,0.672790817005,14.082901331733,117
3031571,c,0.366136119031,0.556227290006,17.88470599778,0,0.63587887402,16.727209811116,1,0.442907005189,16.782815883595,1,0.336724184744,16.840301885774,1,0.3053089269,16.911195451578,0
3043989,ab,0.570380002634,0.569307487602,16.256809599741,109,0.624586944745,15.152083260572,119,0.421533502471,15.204852256421,114,0.315221278358,15.248781140286,115,0.283508754797,15.307245247624,116
3066531,ab,0.641874750367,0.384181814422,19.112693781718,100,0.448435563878,18.005392540207,103,0.317996824465,17.918305748365,100,0.253511760459,17.885629383481,100,0.217786407077,17.926075300329,101
3070595,ab,0.570429663717,0.949265934398,17.834136596487,110,0.968629011462,16.724086307676,105,0.681155080784,16.786667212361,106,0.541810118384,16.853842581996,110,0.502529281005,16.871650181663,117
3113123,ab,0.623655187583,1.152235917341,18.140338655873,107,1.221836398044,16.92383021735,114,0.876355049721,16.994371786675,116,0.720800482687,17.109725237805,116,0.673521808288,17.185374554883,106
3138275,ab,0.61630814387,0.637612528611,18.875865466148,101,0.617987106777,17.763351807358,104,0.420747662875,17.701499674526,102,0.375514609323,17.69010649572,104,0.343910865473,17.711751466484,105
3186655,c,0.286573849056,0.566861261506,18.473159850729,0,0.640488962412,17.195163398875,1,0.401109128752,17.317770648287,1,0.324945423968,17.389108751554,1,0.307707052191,17.453894826532,0
3196666,ab,0.598492410469,0.685557662093,17.255836379145,101,0.701545963991,16.01184147716,103,0.480642328167,15.952556325563,104,0.379230643394,15.95793184271,104,0.346056936538,15.975410457948,100
3196965,ab,0.642361934234,0.303602781448,20.104570403022,110,0.316585599309,18.973569297045,100,0.233006444085,18.824936207896,100,0.174377007071,18.806037938278,101,0.183527698127,18.787107961235,116
3200791,c,0.310286026854,0.405951949314,16.379588035068,0,0.483820268644,15.154094607312,0,0.353862949496,15.255849348217,1,0.281709830186,15.351095410889,0,0.242180156045,15.441714937938,0
3214909,c,0.37657109574,0.453378877744,18.291661853687,0,0.492813867306,17.17531285028,1,0.355199965909,17.1828935139,1,0.27272021042,17.233850588041,0,0.229113310218,17.303328612,0
3230076,ab,0.487085275131,1.08213293577,16.675107639748,107,1.044813544916,15.645932472111,100,0.685301304704,15.7668829881,102,0.554582829163,15.872252234789,104,0.559064167426,15.858395930372,110
3239998,ab,0.477095340488,1.43304809237,17.130911288013,110,1.406915234201,15.97240794481,119,1.064602020605,16.142030646093,116,0.826465188608,16.319834540263,115,0.785240521395,16.456087606392,109
3247039,c,0.340118321748,0.462756699096,16.041243461245,0,0.499180844476,14.895547095719,0,0.357926850445,14.911200834424,0,0.269917974862,14.975261653206,0,0.233620836601,15.042492535834,0
3248231,ab,0.607577205843,1.299199087525,16.279811291734,106,1.350771268012,15.095624287071,118,0.972781253506,15.274646798082,112,0.788798936595,15.381069274079,116,0.698004038513,15.459197754091,114
3253504,ab,0.636686341487,0.932799554065,17.730502140459,107,1.006520518915,16.46872884328,117,0.734690365777,16.563028721273,110,0.58317439748,16.609977174197,111,0.533583643424,16.623639182827,114
3261172,ab,0.627758103642,0.846975331683,18.816812470303,104,0.96541153824,17.580580248981,108,0.680181999603,17.579234982529,110,0.525897893911,17.641203523304,105,0.481248630815,17.682558424008,100
3267381,c,0.329513901588,0.464403226498,18.662418934004,0,0.521687349632,17.516135786289,0,0.360041759292,17.566875415601,0,0.280303351886,17.638884503898,1,0.247532833658,17.721867379653,0
3273519,ab,0.470047525628,1.548227880799,16.313270469982,105,1.448987396963,15.214260179142,119,1.111293397585,15.417135270377,118,0.894585860533,15.587229974335,117,0.773767536599,15.685209908471,117
3292721,c,0.331314006297,0.469248049452,15.938148116808,0,0.516348811248,14.774226932656,0,0.373725542286,14.793720940415,0,0.287039850546,14.856599471251,0,0.250174751834,14.912148108318,0
3300027,ab,0.561861046071,0.920778542274,18.105175384729,102,0.960208971533,16.901509327033,112,0.703067923896,16.897607618033,112,0.577481869949,16.963585516932,109,0.526194444963,16.985621007083,106
3306761,c,0.286805450696,0.446100178294,18.615964797244,0,0.510035881983,17.405693583521,1,0.365938143832,17.378802052619,1,0.28730245725,17.402663345242,0,0.256319425358,17.433249801698,0
3307501,ab,0.585160986675,1.368041715315,15.724406076031,110,1.422865483536,14.544621831089,119,1.037532753973,14.737124442294,116,0.816691102168,14.885392377394,115,0.74115648934,14.990813016518,117
3307752,ab,0.525050365208,0.744084087357,17.45099400616,100,0.786389746926,16.300551817843,102,0.561226103512,16.341491096611,102,0.442049921833,16.406348303465,101,0.424165102332,16.399973062586,102
3308790,c,0.375607279746,0.433908907138,18.06731366746,0,0.483070718115,16.94895293955,0,0.328886665839,16.959515807439,0,0.254944111505,17.000026135026,1,0.225010718718,17.051090521085,0
3315131,ab,0.477396876215,1.431219429586,17.033753101314,105,1.354591758847,15.856817329527,119,1.01094735925,16.042502255238,115,0.78666577246,16.142587468222,115,0.731095655299,16.263260300126,116
3348773,c,0.419936891662,0.408411341196,18.476122889933,0,0.440671109718,17.303457982326,0,0.311908434169,17.250485748691,0,0.248547630051,17.261700873535,0,0.205767787002,17.307838743178,0
3351232,ab,0.577245746825,1.131683146225,19.195143545318,103,1.144162702075,18.060462183264,116,0.849519285752,18.123084614208,119,0.682808486704,18.228702510896,119,0.585732827578,18.319691038304,103
3353516,ab,0.664944890686,0.88507625687,15.755546168482,101,0.874390799889,14.592660286208,103,0.59115695225,14.624205614006,104,0.480639349192,14.653241306165,102,0.470392055503,14.685381796376,105
3358190,c,0.418755786531,0.419174124836,15.9089075793,0,0.495542802437,14.762598910592,0,0.339270478083,14.78388407565,1,0.268050186968,14.818597324108,1,0.231405660687,14.865869796914,0
3369848,ab,0.582126959793,1.028187328621,17.521754848424,102,1.113523316429,16.333194510536,105,0.818029789413,16.413732511613,109,0.624473043437,16.524457340225,116,0.535873440658,16.577794516127,102
3391166,ab,0.47621836446,0.93045425345,17.508544423554,101,0.913764114125,16.317335358405,102,0.633608015441,16.452016188976,102,0.538513460713,16.494144403941,116,0.492829783304,16.555242401625,102
3391742,ab,0.549705606396,1.142309538087,17.655246573521,110,1.189706876845,16.530914480472,116,0.88210918198,16.653795957357,117,0.709643503237,16.7622876896,118,0.583097699158,16.848592034864,117
3394424,c,0.362518917241,0.431409962941,14.746286198557,0,0.436226921714,13.583028694562,0,0.335721727231,13.598018298081,1,0.265539945712,13.660816449222,0,0.262445167115,13.722516300317,0
3397977,c,0.362670001779,0.40152674878,16.77198033184,0,0.394005954334,15.63443231092,0,0.282155376374,15.626701875287,1,0.201363071976,15.683442072815,1,0.190229775114,15.718436298418,0
3407814,ab,0.48979375276,1.41432866396,18.07501438729,110,1.476290046888,16.957969109218,105,1.048099857653,17.124809336312,118,0.841420586498,17.250313610293,115,0.806780831918,17.352548509329,116
3420019,ab,0.557745415166,0.856667870794,18.477631835755,101,0.850957127089,17.330922812621,107,0.612190922258,17.355556178952,105,0.478512328314,17.39073163642,107,0.435257257243,17.434942882536,111
3424087,ab,0.723388007864,0.608463889524,17.617554744833,100,0.643980594991,16.488187053122,104,0.43860984028,16.43200928814,102,0.368651281666,16.417883033388,103,0.338152406823,16.432387868632,100
3443455,ab,0.526838418976,1.278935622987,17.142830181929,110,1.281694461251,15.982360780647,119,0.936636123385,16.112601670864,116,0.756824549854,16.244585357949,118,0.686454245856,16.310175712345,117
3454148,ab,0.621827770408,0.624808712385,18.916467500108,104,0.619443354033,17.785104912947,104,0.416099208746,17.730311032885,104,0.338031721679,17.731605188953,104,0.315667804968,17.744650711102,100
3455861,ab,0.627800708684,0.549994758371,19.833545029551,101,0.611814224773,18.703793836818,104,0.404200310419,18.639101283386,102,0.322668084447,18.623168767462,106,0.343433442549,18.597957213693,103
3460994,ab,0.564471951081,0.99844744768,17.256521528265,110,1.046630223512,16.105550799223,112,0.740961983141,16.145766219978,112,0.607442659029,16.213796707833,111,0.574972728031,16.261391424727,106
3477138,ab,0.497100748894,1.475063778477,17.707366393729,110,1.43941347042,16.563447755497,119,1.094111320182,16.744443870733,118,0.873448631847,16.90125269287,117,0.783768113741,16.987525885561,116
3478713,c,0.364044436655,0.437574436131,17.019268088175,0,0.475364889979,15.900102131292,1,0.345448270933,15.917463126956,1,0.267299989199,15.992023865751,0,0.230023095363,16.033093874829,0
3487796,ab,0.569477072777,1.137366308964,16.31602029474,103,1.134608919773,15.150324525891,112,0.823692578915,15.225579843358,112,0.649040062253,15.334999997056,111,0.614579832272,15.366377899434,109
3488054,ab,0.4997224523,1.233269254192,16.581755640694,109,1.334434272778,15.432922859947,115,0.955634495805,15.565514281213,118,0.758670397167,15.662557962669,115,0.68564987746,15.764401525496,117
3490598,c,0.356358659336,0.60765121187,19.64168833619,0,0.697775024107,18.462891824978,1,0.474009516031,18.53867608714,1,0.382838625749,18.607954174746,1,0.302552795923,18.684885134919,0
3493224,ab,0.559285946433,1.062825406138,20.264423285401,100,1.196566804372,19.12272498193,112,0.800599864387,19.235014423885,118,0.655408919167,19.372324248641,109,0.500633016559,19.441609263701,101
3539169,ab,0.551129931409,1.157386071912,18.143426847205,110,1.228295101243,16.982277857273,118,0.874976014004,17.08981903513,115,0.711979235005,17.17440949574,119,0.626777770144,17.264306898504,115
3551215,ab,0.643397263059,0.935978757048,18.532991625941,110,1.013078801254,17.377675595916,118,0.731377479431,17.405406240074,112,0.584820319802,17.458696927486,116,0.552506765542,17.523714280185,106
3554117,ab,0.508643546865,1.099137866884,15.634418106342,102,1.1378631576,14.492749572204,110,0.879833801796,14.5529263708,111,0.704936900662,14.684835452005,114,0.579718447956,14.759394379855,101
3559921,ab,0.633297825631,0.659363779999,19.249563359465,108,0.720197745985,18.09528225199,119,0.510816653073,18.066430354305,113,0.402373200443,18.082134292387,110,0.398032855645,18.115595846173,106
3561934,c,0.33486962471,0.466607593563,17.892325236285,0,0.488209653405,16.763038565289,0,0.34381663506,16.785041400546,0,0.256651682212,16.842338753366,0,0.232465072511,16.90234648773,0
3565718,ab,0.663341925321,1.027594808271,15.671114206891,102,1.043604978718,14.555678481413,101,0.767951110719,14.598220791169,118,0.627931606582,14.692248054835,118,0.556104532584,14.752642789113,101
3569935,c,0.313267316293,0.457309087052,17.763013587016,0,0.528894774114,16.555460845554,1,0.380537739378,16.666317883135,1,0.292107344588,16.760865100165,0,0.256142455122,16.843494039831,0
3585856,c,0.343036971825,0.42973903512,14.449200329803,0,0.51387964424,13.274090312869,0,0.350705839362,13.377722965904,0,0.257249813176,13.473513647218,0,0.262995918271,13.543276590443,0
3595357,ab,0.593574150526,1.159366335866,14.068073219371,110,1.232389424882,12.919683261921,118,0.935654726876,13.033931397917,112,0.785260241796,13.117444907699,114,0.691094118753,13.20497882762,113
3607310,c,0.404288100677,0.513981931041,19.154231661234,0,0.510379165808,18.061373179299,0,0.362743843022,18.036198645818,1,0.286581653536,18.081277002037,0,0.257573533684,18.11752583426,0
3644954,c,0.308416520121,0.281245464072,17.819183706771,0,0.312771210094,16.650284305216,0,0.229982156274,16.734229656689,0,0.169236247243,16.831035492499,1,0.152236331524,16.902333475289,0
3650178,ab,0.605596228233,0.646430071156,17.848922687218,100,0.688786953058,16.692030842704,103,0.494816985354,16.607630821241,103,0.390281567604,16.623792108117,103,0.371322231087,16.636620711152,104
3671840,ab,0.606209461403,1.106984205823,16.862613218487,109,1.155526201829,15.692838002788,114,0.846905344916,15.767540485891,119,0.673703192154,15.892783106003,116,0.52916437083,16.009800710442,101
3673468,ab,0.642995863858,0.397591304121,17.042703722866,100,0.376721960423,15.935621629925,100,0.270239013909,15.810444789149,101,0.237508862349,15.767784628373,101,0.216574441384,15.792962205513,100
3681103,ab,0.599830537685,0.731631299785,15.697667691793,102,0.779776834745,14.52061893387,105,0.562104658457,14.499127925511,105,0.460596649086,14.517433553349,109,0.374968429058,14.579845355324,100
3681504,c,0.324999894738,0.541889091638,18.297224934544,0,0.577573563159,17.136211967453,0,0.421066913011,17.197912542958,1,0.326337935982,17.271234699859,1,0.283118595866,17.369492691273,0
3694338,ab,0.480345877175,1.131259415314,16.61139960602,109,1.057812073551,15.53642084582,102,0.921504412423,15.527978620203,116,0.727806123745,15.705538184768,117,0.57465950884,15.83813076446,101
3717246,c,0.336862891609,0.186636526065,17.836057868269,0,0.202404323006,16.625496830382,0,0.147993692421,16.651216746904,0,0.104263635491,16.714338961981,0,0.10201627947,16.772228993275,0
3727873,ab,0.545697450583,1.142999526768,18.413196307819,105,1.120028933413,17.295054771936,110,0.816654203973,17.334425705497,113,0.658749104544,17.433396792669,116,0.588885932435,17.478098974729,115
3728525,ab,0.691693032227,0.278046033917,18.711882684474,100,0.273165661955,17.646937205731,102,0.203931623228,17.520673275888,100,0.162950937302,17.474044506054,100,0.15879950625,17.484366396724,101
3729373,ab,0.460119246029,1.547441901849,15.770389494357,110,1.504654963442,14.585683897378,119,1.146741818255,14.789260343278,118,0.933547276213,14.951490291243,117,0.769594244285,15.062174683184,117
3737894,ab,0.466193475081,1.543003289622,17.082969102976,110,1.446959193556,16.012180322536,119,1.109693941959,16.221574849612,118,0.856250292839,16.382651641951,115,0.778298835625,16.489770644572,117
3743584,ab,0.523961642183,0.970252936377,18.699525509447,100,1.193953837354,17.425520959844,105,0.818397862884,17.531454258333,116,0.574714377386,17.728100051739,100,0.5855560289,17.739507374189,107
3745929,ab,0.77825435994,0.218554268862,16.059379042617,100,0.23383470315,14.958569600426,104,0.16675336859,14.807482799738,100,0.12993079153,14.750933726799,100,0.118481858572,14.761607818276,100
3780112,ab,0.497216584539,1.317599795931,16.129883862737,110,1.422045222044,14.91076290555,120,1.057841546496,15.13076241433,115,0.785754374257,15.272201006445,115,0.734742904262,15.357837160284,115
3812132,ab,0.569291299658,0.918901515607,18.249298480921,103,0.931311520908,17.086662866005,111,0.666757415657,17.113242683505,110,0.548762276742,17.156733351756,108,0.464719376146,17.219347414035,111
3815021,ab,0.670959939225,0.331827426237,20.440858039947,104,0.393480852872,19.433367094709,104,0.278385888638,19.225671445212,102,0.245390507133,19.160964847769,104,0.26432625122,19.148416407166,111
3818676,ab,0.586349936463,0.949522697984,19.783709755166,103,1.017166028315,18.62350248704,116,0.749717326199,18.654186144109,111,0.581063862582,18.693975214483,115,0.552661156056,18.774063126588,103
3852768,c,0.426138098897,0.286845574236,15.334862932392,0,0.340551747499,14.190691883124,0,0.23937177101,14.222378508571,0,0.189302829705,14.272239033372,0,0.158765369691,14.342829238149,0
3869323,ab,0.566611085659,0.708213807944,20.557373661948,103,0.773987981242,19.321240551459,102,0.590888544827,19.287146368074,114,0.461655103787,19.339392133517,107,0.457447643245,19.320309685968,117
3869494,ab,0.669212408025,0.938372322742,15.793977236628,101,0.973317670947,14.579732792758,106,0.687133318669,14.581999886844,108,0.567637332143,14.60980326327,108,0.503558500396,14.650705374733,105
3879827,ab,0.595590038237,0.842074686849,20.937299971815,107,1.0161991368,19.793221859023,101,0.78118459021,19.771638997699,114,0.655533297802,19.846470449983,108,0.393421880886,19.989445123607,110
3916305,ab,0.550375796411,0.788406320944,14.911549827533,102,0.772005627855,13.668353295387,103,0.493164927873,13.651143296361,102,0.386236669646,13.663498498474,101,0.388776116382,13.683864509054,100
3923225,ab,0.560523098246,0.821118948788,21.248415218397,108,0.958396259532,20.278627410961,105,0.678070259345,20.376346292958,105,0.580566454305,20.346618871788,115,0.52937135164,20.368919551315,105
3938770,ab,0.613533833098,0.439148834507,21.391764757936,102,0.646006695049,20.195699230102,108,0.44900514718,20.123191411156,108,0.322969047755,20.127850515831,113,0.290090923646,20.116374838824,101
3944324,ab,0.593867790291,0.791789012783,20.984357351518,107,0.911662102532,19.80254444104,111,0.62182876487,19.803396637039,112,0.441246768282,19.883231254724,110,0.514965356067,19.818859006791,112
3953443,ab,0.655082099322,0.401536547168,18.61208017154,100,0.406063310786,17.476331211208,100,0.282927624017,17.334847006759,102,0.237434953505,17.276383041276,100,0.213658905356,17.268798436766,101
3959688,ab,0.613291052572,0.607081800017,18.461791805608,101,0.610659085669,17.2874987953,101,0.444484635219,17.212799639135,100,0.347439758324,17.208185942022,104,0.310318625839,17.207199534575,101
3972240,ab,0.625055359102,0.619525790412,18.587613238328,101,0.630424305086,17.391679400969,104,0.437824503793,17.325168788792,104,0.362417589553,17.317759227533,104,0.338413802822,17.338951586684,100
3974293,ab,0.631492970892,0.565995397624,21.130454480891,110,0.574765891568,20.146534288844,105,0.449212276306,20.151029406726,101,0.304695640465,20.154172106735,101,0.227657232585,19.950977503333,114
3976199,ab,0.570202274343,1.407380179632,15.854677630028,108,1.405069263492,14.660543253936,117,1.024507855604,14.815653324246,119,0.831652081914,14.97516417778,119,0.735301984686,15.026833085566,117
3981578,ab,0.594922642411,1.022136024587,20.791637721686,110,1.101256286074,19.693631308746,112,0.754526820973,19.741295575485,118,0.607240801946,19.855587097403,110,0.542765677761,19.847555871707,100
3988771,ab,0.605804967879,0.642239934827,20.923922381386,100,0.818453094945,19.717207330921,108,0.541854012641,19.672279751483,106,0.496136958976,19.621983367342,113,0.29272617223,19.701036848145,111
3991828,ab,0.625788437679,1.081882852071,16.564319028677,107,1.193368603159,15.335989795847,116,0.894131369384,15.434437946364,117,0.695404683092,15.540107149539,114,0.628615823022,15.584581224963,108
3992128,ab,0.716773238643,0.643330720875,15.570135043735,101,0.711038272738,14.419042550848,100,0.497665160051,14.45717692088,101,0.359297685537,14.523150639205,100,0.370958503768,14.510621981422,109
4000365,ab,0.600623084598,0.763513012752,17.751278775301,102,0.817624478645,16.531019151018,105,0.577883891065,16.501205733502,106,0.436593147061,16.538453408951,106,0.401193023358,16.525740202132,103
4041854,ab,0.61643448875,0.610051084058,21.468275550617,110,1.090951977642,20.293441495705,116,0.777574489776,20.413237051433,102,0.695428185955,20.415236262362,118,0.492569189662,20.408589166137,101
4050393,ab,0.624410478971,0.617188868958,20.271065868974,104,0.682624921101,19.12139000032,107,0.473574144655,19.073223815294,105,0.366277948584,19.082003316128,107,0.355031734193,19.066544799407,115
4058320,ab,0.622183830568,0.85978553959,19.788463591,110,1.0124285302,18.638965490147,112,0.744824045729,18.661868859697,112,0.584393213536,18.754248299345,109,0.562147989387,18.721032430738,109
4064584,ab,0.680391929066,0.867493338807,16.376155940909,102,0.987909550497,15.128719831221,108,0.69286089654,15.158646859515,108,0.570240665032,15.196304806707,109,0.486927142593,15.219756842422,112
4076916,ab,0.609832920947,0.888860363101,18.010281001171,104,0.986866626045,16.791407738229,108,0.676037119687,16.823610731786,110,0.556207107857,16.86049093456,109,0.518399464739,16.873450015751,106
4098094,ab,0.46581698419,1.463183556583,15.423201333422,110,1.525122749873,14.16353339845,120,1.090293165682,14.407327056193,118,0.907552807886,14.558866831024,118,0.808926944297,14.604236726887,117
4118254,ab,0.818777105463,0.479596020322,15.345461479403,101,0.434593970098,14.259995317191,100,0.323603220551,14.124192090195,100,0.276106789895,14.071395310754,103,0.249048283576,14.070135150922,100
4130096,ab,0.607426252954,0.540929257605,17.066243875677,100,0.580113607538,15.910137233111,101,0.398413230047,15.838349461007,105,0.334371348163,15.834039959295,104,0.314711531225,15.845847953257,105
4133965,ab,0.555802020255,0.966794889346,17.419940247534,105,0.891279842034,16.411334299288,103,0.685788779213,16.35263950055,116,0.472873211149,16.494927475161,101,0.476409093675,16.460494300175,115
4150624,c,0.352261065186,0.446365136424,18.288461968529,0,0.512205159834,17.077167207249,0,0.362021195585,17.083352676544,0,0.277923596546,17.121165062818,0,0.240029756157,17.154874171365,0
4152720,ab,0.487099266706,1.721820018967,15.686615906695,109,1.653779827836,14.590859946858,120,1.271120572502,14.838615755595,118,1.006697307306,15.006955764871,115,0.911052115102,15.156463835722,117
4301093,c,0.388939523078,0.466002084796,15.140249578853,0,0.512273406875,14.020031966879,0,0.374311593491,14.029458141836,0,0.299086280635,14.068239986257,0,0.249978791427,14.143189509021,0
4320005,ab,0.555243977837,0.906917047317,17.703153176477,107,0.977998084593,16.406107978619,105,0.678256342065,16.396430010772,113,0.538277819272,16.421532045957,115,0.455332883608,16.50325440603,101
4344245,ab,0.530439037072,1.204014686701,17.168650664456,110,1.258279136162,16.014112555381,120,0.917722180707,16.146097975366,119,0.718497481462,16.25702533156,115,0.659404196957,16.347662155833,115
4383295,c,0.370342725626,0.503728445149,14.606549146071,0,0.588537130935,13.41298543347,0,0.424841037145,13.433048588265,0,0.297913610463,13.540872312061,0,0.280935014954,13.581351727368,0
4397821,ab,0.645405370962,0.792961842114,19.107738097608,107,0.699926446134,18.047113830606,101,0.572090267178,17.924528946446,110,0.404369321499,17.979343442666,106,0.369478714964,17.993535172478,101
4409020,ab,0.574297585526,1.104172347645,19.287280846268,107,1.150370126327,18.181063188933,113,0.863613932614,18.246232124983,119,0.648925895355,18.3681403045,115,0.617763457069,18.424057474615,116
4430769,ab,0.510390376745,0.76966701264,17.873625684237,101,0.883836631246,16.697031566989,103,0.592989457395,16.753687686331,102,0.477128923199,16.809374407176,101,0.423436579736,16.854598728574,102
4442518,ab,0.536986700828,1.224900561452,16.702422901391,110,1.232974918642,15.550989681266,119,0.917387908278,15.692851073621,118,0.746515177742,15.803170655434,119,0.660602523137,15.874606062025,113
4455741,c,0.266454670069,0.47064947043,17.517518784926,0,0.508689445551,16.345337307042,0,0.368607683782,16.366911360621,0,0.312098092486,16.39746539505,1,0.264039523366,16.468326544293,0
4514429,ab,0.659863415511,0.785641732979,15.60563874562,104,0.715684954311,14.501261948179,104,0.500341650562,14.43630059883,104,0.393140838136,14.448941949856,104,0.363552677564,14.4729194742,100
4583407,ab,0.648275969582,0.881592059302,16.099772511918,104,0.912858938564,14.954356933142,106,0.641264394072,14.976576756809,108,0.525056855623,15.010299961014,108,0.443958591256,15.067954207485,111
4614863,c,0.353140950668,0.446593103861,19.002061451384,0,0.478411304465,17.755196818535,0,0.332291867355,17.77024472436,1,0.267005519103,17.826314564664,1,0.215881998983,17.894098190973,0
4699038,ab,0.659161730476,0.688792556825,15.987854336698,101,0.681134490014,14.874865692236,101,0.46117040842,14.861751428799,100,0.397151064692,14.843898689848,104,0.37475766139,14.87129561669,100
4699278,c,0.358412901883,0.438886802517,19.270623121685,0,0.527361776843,18.170299451943,0,0.370533759792,18.170720359469,1,0.290288572969,18.216208299115,1,0.24543447281,18.283791100324,0
4831704,ab,0.553792644733,1.094458427822,17.990777428939,110,1.10405836308,16.744799389466,120,0.821940049265,16.826076228589,115,0.645274439408,16.925629189299,111,0.542231385006,17.02875041509,103
4839757,ab,0.699131154371,1.130744121224,15.696134114403,101,1.257382119991,14.548939011371,108,0.867863040635,14.67162644648,112,0.707516191836,14.782871221332,111,0.659836683485,14.851838811384,106
4843792,ab,0.554233987594,1.088475885483,17.017378598224,109,1.129124812964,15.87605369174,117,0.829970733688,15.989298251805,115,0.680563540626,16.070589471859,118,0.583161712948,16.12792036736,117
4873252,ab,0.471167783678,1.541951212327,18.325993132749,106,1.506806878436,17.138077025033,120,1.130911735157,17.36350211371,118,0.907387142584,17.49024349786,115,0.810705744963,17.654226151458,108
4898715,c,0.425645449249,0.427956696971,18.820750130732,0,0.498527489404,17.802902971439,0,0.378195208863,17.782624913395,0,0.291192044058,17.830458426667,0,0.24353563708,17.888041223663,0
4918277,ab,0.530588605969,1.264648926677,16.395805148926,110,1.275150434891,15.289553901918,119,0.961458095739,15.421307647986,118,0.765514861516,15.552616611297,117,0.66619138998,15.631565848588,117
4920018,ab,0.640334993498,0.556407278037,15.265587095402,100,0.522482349684,14.097599460499,100,0.363178482828,13.969189036707,100,0.306213066257,13.929672848952,100,0.311811891436,13.962049491204,100
4937322,ab,0.589899426703,1.012653961605,18.260501857862,108,1.027594786546,17.211515142284,118,0.745605260547,17.254277050932,112,0.599216149236,17.333689716597,112,0.50508884315,17.412587831469,109
4947744,ab,0.611822155451,0.659681429608,18.811649913428,100,0.729495389901,17.643770601191,112,0.51669934765,17.631445897983,108,0.406879261086,17.652926925132,107,0.362986505326,17.673712920913,101
4948742,c,0.359679937456,0.428446767716,15.703175961988,0,0.500946450859,14.703723541202,0,0.354439617118,14.758287991743,0,0.272074218205,14.832767252314,1,0.240257173388,14.936331756407,0
4950238,ab,0.614429845684,0.73806242576,19.196581415741,108,0.742019378754,18.069287385068,106,0.49034046077,18.037225204377,103,0.395932641159,18.040039157274,106,0.395507999897,18.035591965098,111
4954954,ab,0.553683239879,1.246013297921,14.815686698319,109,1.298978452586,13.66782005685,112,0.981449785321,13.739151133692,116,0.616741727327,14.072100245156,106,0.746937638598,13.980490309968,109
4956438,ab,0.608054165715,0.645986070004,16.026418056592,102,0.590490939716,14.9842761914,100,0.44580514099,14.864635601972,101,0.365324212372,14.855716618575,105,0.328275245225,14.884268397488,100
4956681,ab,0.499544271999,1.07909841981,18.851308668709,103,1.304107845195,17.812918310979,101,0.971932199133,17.959697529724,105,0.730200523119,18.060216679345,113,0.583450135242,18.176326565172,117
4983075,ab,0.646699776606,0.443980069284,18.857248792082,101,0.487078798376,17.770519574841,101,0.339135261121,17.692689259458,101,0.278196401794,17.676564368622,101,0.247064562217,17.722054758882,100
4984662,ab,0.636862677328,0.565908985095,19.41250960957,102,0.599289202266,18.356904844245,101,0.464574245565,18.244548927198,104,0.359036620672,18.272158638604,108,0.309688336957,18.303266952266,100
4992418,ab,0.580370636475,0.9307735482,18.705511708218,110,0.984270421768,17.615334468844,114,0.722729044756,17.641732919698,109,0.56000550043,17.708949205809,107,0.512214959539,17.718539886763,115
5011634,c,0.357840485746,0.450743812938,19.00844332493,0,0.504340459499,17.867089957652,0,0.368359986502,17.865016303805,0,0.281035190136,17.916158001441,1,0.255750644449,17.9873328245,0
